track_id,fragment_id,wav_path,class,label
[pia][pop_roc]1320__3,[pia][pop_roc]1320__3,IRMAS-TrainingData\pia\[pia][pop_roc]1320__3.wav,Piano,0
160__[pia][nod][jaz_blu]1433__2,160__[pia][nod][jaz_blu]1433__2,IRMAS-TrainingData\pia\160__[pia][nod][jaz_blu]1433__2.wav,Piano,0
042__[pia][nod][cla]1409__3,042__[pia][nod][cla]1409__3,IRMAS-TrainingData\pia\042__[pia][nod][cla]1409__3.wav,Piano,0
[pia][cla]1444__1,[pia][cla]1444__1,IRMAS-TrainingData\pia\[pia][cla]1444__1.wav,Piano,0
[pia][cla]1352__2,[pia][cla]1352__2,IRMAS-TrainingData\pia\[pia][cla]1352__2.wav,Piano,0
[pia][cla]1324__2,[pia][cla]1324__2,IRMAS-TrainingData\pia\[pia][cla]1324__2.wav,Piano,0
199__[pia][nod][cla]1383__1,199__[pia][nod][cla]1383__1,IRMAS-TrainingData\pia\199__[pia][nod][cla]1383__1.wav,Piano,0
153__[pia][dru][cou_fol]1419__1,153__[pia][dru][cou_fol]1419__1,IRMAS-TrainingData\pia\153__[pia][dru][cou_fol]1419__1.wav,Piano,0
[pia][pop_roc]1351__3,[pia][pop_roc]1351__3,IRMAS-TrainingData\pia\[pia][pop_roc]1351__3.wav,Piano,0
[pia][jaz_blu]1520__3,[pia][jaz_blu]1520__3,IRMAS-TrainingData\pia\[pia][jaz_blu]1520__3.wav,Piano,0
134__[pia][nod][cla]1405__1,134__[pia][nod][cla]1405__1,IRMAS-TrainingData\pia\134__[pia][nod][cla]1405__1.wav,Piano,0
[pia][pop_roc]1282__1,[pia][pop_roc]1282__1,IRMAS-TrainingData\pia\[pia][pop_roc]1282__1.wav,Piano,0
[pia][jaz_blu]1474__3,[pia][jaz_blu]1474__3,IRMAS-TrainingData\pia\[pia][jaz_blu]1474__3.wav,Piano,0
056__[pia][nod][cla]1385__1,056__[pia][nod][cla]1385__1,IRMAS-TrainingData\pia\056__[pia][nod][cla]1385__1.wav,Piano,0
055__[pia][dru][cou_fol]1420__2,055__[pia][dru][cou_fol]1420__2,IRMAS-TrainingData\pia\055__[pia][dru][cou_fol]1420__2.wav,Piano,0
137__[pia][nod][cla]1381__1,137__[pia][nod][cla]1381__1,IRMAS-TrainingData\pia\137__[pia][nod][cla]1381__1.wav,Piano,0
[pia][cla]1322__3,[pia][cla]1322__3,IRMAS-TrainingData\pia\[pia][cla]1322__3.wav,Piano,0
[pia][cla]1338__1,[pia][cla]1338__1,IRMAS-TrainingData\pia\[pia][cla]1338__1.wav,Piano,0
[pia][jaz_blu]1507__1,[pia][jaz_blu]1507__1,IRMAS-TrainingData\pia\[pia][jaz_blu]1507__1.wav,Piano,0
[pia][pop_roc]1289__1,[pia][pop_roc]1289__1,IRMAS-TrainingData\pia\[pia][pop_roc]1289__1.wav,Piano,0
051__[pia][dru][jaz_blu]1431__2,051__[pia][dru][jaz_blu]1431__2,IRMAS-TrainingData\pia\051__[pia][dru][jaz_blu]1431__2.wav,Piano,0
[pia][jaz_blu]1526__1,[pia][jaz_blu]1526__1,IRMAS-TrainingData\pia\[pia][jaz_blu]1526__1.wav,Piano,0
[pia][cla]1294__1,[pia][cla]1294__1,IRMAS-TrainingData\pia\[pia][cla]1294__1.wav,Piano,0
[pia][pop_roc]1331__3,[pia][pop_roc]1331__3,IRMAS-TrainingData\pia\[pia][pop_roc]1331__3.wav,Piano,0
[pia][pop_roc]1536__2,[pia][pop_roc]1536__2,IRMAS-TrainingData\pia\[pia][pop_roc]1536__2.wav,Piano,0
[pia][jaz_blu]1473__3,[pia][jaz_blu]1473__3,IRMAS-TrainingData\pia\[pia][jaz_blu]1473__3.wav,Piano,0
[pia][cla]1323__2,[pia][cla]1323__2,IRMAS-TrainingData\pia\[pia][cla]1323__2.wav,Piano,0
[pia][jaz_blu]1483__3,[pia][jaz_blu]1483__3,IRMAS-TrainingData\pia\[pia][jaz_blu]1483__3.wav,Piano,0
[pia][pop_roc]1281__3,[pia][pop_roc]1281__3,IRMAS-TrainingData\pia\[pia][pop_roc]1281__3.wav,Piano,0
[pia][cla]1447__2,[pia][cla]1447__2,IRMAS-TrainingData\pia\[pia][cla]1447__2.wav,Piano,0
004__[pia][nod][cla]1394__1,004__[pia][nod][cla]1394__1,IRMAS-TrainingData\pia\004__[pia][nod][cla]1394__1.wav,Piano,0
222__[pia][nod][pop_roc]1438__1,222__[pia][nod][pop_roc]1438__1,IRMAS-TrainingData\pia\222__[pia][nod][pop_roc]1438__1.wav,Piano,0
[pia][pop_roc]1450__1,[pia][pop_roc]1450__1,IRMAS-TrainingData\pia\[pia][pop_roc]1450__1.wav,Piano,0
[pia][jaz_blu]1340__2,[pia][jaz_blu]1340__2,IRMAS-TrainingData\pia\[pia][jaz_blu]1340__2.wav,Piano,0
[pia][pop_roc]1351__2,[pia][pop_roc]1351__2,IRMAS-TrainingData\pia\[pia][pop_roc]1351__2.wav,Piano,0
219__[pia][nod][cla]1393__3,219__[pia][nod][cla]1393__3,IRMAS-TrainingData\pia\219__[pia][nod][cla]1393__3.wav,Piano,0
[pia][cla]1312__3,[pia][cla]1312__3,IRMAS-TrainingData\pia\[pia][cla]1312__3.wav,Piano,0
[pia][jaz_blu]1339__1,[pia][jaz_blu]1339__1,IRMAS-TrainingData\pia\[pia][jaz_blu]1339__1.wav,Piano,0
[pia][pop_roc]1537__1,[pia][pop_roc]1537__1,IRMAS-TrainingData\pia\[pia][pop_roc]1537__1.wav,Piano,0
135__[pia][nod][cla]1396__3,135__[pia][nod][cla]1396__3,IRMAS-TrainingData\pia\135__[pia][nod][cla]1396__3.wav,Piano,0
[pia][jaz_blu]1452__2,[pia][jaz_blu]1452__2,IRMAS-TrainingData\pia\[pia][jaz_blu]1452__2.wav,Piano,0
144__[pia][nod][cla]1380__2,144__[pia][nod][cla]1380__2,IRMAS-TrainingData\pia\144__[pia][nod][cla]1380__2.wav,Piano,0
[pia][jaz_blu]1358__3,[pia][jaz_blu]1358__3,IRMAS-TrainingData\pia\[pia][jaz_blu]1358__3.wav,Piano,0
[pia][jaz_blu]1348__3,[pia][jaz_blu]1348__3,IRMAS-TrainingData\pia\[pia][jaz_blu]1348__3.wav,Piano,0
[pia][pop_roc]1289__3,[pia][pop_roc]1289__3,IRMAS-TrainingData\pia\[pia][pop_roc]1289__3.wav,Piano,0
[pia][cla]1369__2,[pia][cla]1369__2,IRMAS-TrainingData\pia\[pia][cla]1369__2.wav,Piano,0
067__[pia][nod][cla]1388__1,067__[pia][nod][cla]1388__1,IRMAS-TrainingData\pia\067__[pia][nod][cla]1388__1.wav,Piano,0
[pia][jaz_blu]1487__2,[pia][jaz_blu]1487__2,IRMAS-TrainingData\pia\[pia][jaz_blu]1487__2.wav,Piano,0
[pia][jaz_blu]1517__3,[pia][jaz_blu]1517__3,IRMAS-TrainingData\pia\[pia][jaz_blu]1517__3.wav,Piano,0
178__[pia][nod][cla]1379__3,178__[pia][nod][cla]1379__3,IRMAS-TrainingData\pia\178__[pia][nod][cla]1379__3.wav,Piano,0
[pia][jaz_blu]1373__3,[pia][jaz_blu]1373__3,IRMAS-TrainingData\pia\[pia][jaz_blu]1373__3.wav,Piano,0
124__[pia][nod][jaz_blu]1426__1,124__[pia][nod][jaz_blu]1426__1,IRMAS-TrainingData\pia\124__[pia][nod][jaz_blu]1426__1.wav,Piano,0
[pia][jaz_blu]1523__1,[pia][jaz_blu]1523__1,IRMAS-TrainingData\pia\[pia][jaz_blu]1523__1.wav,Piano,0
[pia][cla]1457__3,[pia][cla]1457__3,IRMAS-TrainingData\pia\[pia][cla]1457__3.wav,Piano,0
[pia][pop_roc]1315__2,[pia][pop_roc]1315__2,IRMAS-TrainingData\pia\[pia][pop_roc]1315__2.wav,Piano,0
[pia][pop_roc]1306__1,[pia][pop_roc]1306__1,IRMAS-TrainingData\pia\[pia][pop_roc]1306__1.wav,Piano,0
[pia][jaz_blu]1359__3,[pia][jaz_blu]1359__3,IRMAS-TrainingData\pia\[pia][jaz_blu]1359__3.wav,Piano,0
[pia][jaz_blu]1531__3,[pia][jaz_blu]1531__3,IRMAS-TrainingData\pia\[pia][jaz_blu]1531__3.wav,Piano,0
[pia][cla]1291__2,[pia][cla]1291__2,IRMAS-TrainingData\pia\[pia][cla]1291__2.wav,Piano,0
112__[pia][nod][cla]1392__1,112__[pia][nod][cla]1392__1,IRMAS-TrainingData\pia\112__[pia][nod][cla]1392__1.wav,Piano,0
067__[pia][nod][cla]1388__3,067__[pia][nod][cla]1388__3,IRMAS-TrainingData\pia\067__[pia][nod][cla]1388__3.wav,Piano,0
[pia][cla]1327__1,[pia][cla]1327__1,IRMAS-TrainingData\pia\[pia][cla]1327__1.wav,Piano,0
[pia][cla]1456__2,[pia][cla]1456__2,IRMAS-TrainingData\pia\[pia][cla]1456__2.wav,Piano,0
124__[pia][nod][jaz_blu]1426__2,124__[pia][nod][jaz_blu]1426__2,IRMAS-TrainingData\pia\124__[pia][nod][jaz_blu]1426__2.wav,Piano,0
[pia][pop_roc]1445__2,[pia][pop_roc]1445__2,IRMAS-TrainingData\pia\[pia][pop_roc]1445__2.wav,Piano,0
152__[pia][dru][pop_roc]1440__3,152__[pia][dru][pop_roc]1440__3,IRMAS-TrainingData\pia\152__[pia][dru][pop_roc]1440__3.wav,Piano,0
[pia][pop_roc]1343__3,[pia][pop_roc]1343__3,IRMAS-TrainingData\pia\[pia][pop_roc]1343__3.wav,Piano,0
[pia][pop_roc]1345__3,[pia][pop_roc]1345__3,IRMAS-TrainingData\pia\[pia][pop_roc]1345__3.wav,Piano,0
[pia][jaz_blu]1485__2,[pia][jaz_blu]1485__2,IRMAS-TrainingData\pia\[pia][jaz_blu]1485__2.wav,Piano,0
[pia][pop_roc]1317__3,[pia][pop_roc]1317__3,IRMAS-TrainingData\pia\[pia][pop_roc]1317__3.wav,Piano,0
[pia][jaz_blu]1360__3,[pia][jaz_blu]1360__3,IRMAS-TrainingData\pia\[pia][jaz_blu]1360__3.wav,Piano,0
224__[pia][dru][cou_fol]1422__1,224__[pia][dru][cou_fol]1422__1,IRMAS-TrainingData\pia\224__[pia][dru][cou_fol]1422__1.wav,Piano,0
[pia][jaz_blu]1366__3,[pia][jaz_blu]1366__3,IRMAS-TrainingData\pia\[pia][jaz_blu]1366__3.wav,Piano,0
[pia][jaz_blu]1357__2,[pia][jaz_blu]1357__2,IRMAS-TrainingData\pia\[pia][jaz_blu]1357__2.wav,Piano,0
[pia][cla]1307__3,[pia][cla]1307__3,IRMAS-TrainingData\pia\[pia][cla]1307__3.wav,Piano,0
[pia][cla]1370__2,[pia][cla]1370__2,IRMAS-TrainingData\pia\[pia][cla]1370__2.wav,Piano,0
112__[pia][nod][cla]1392__3,112__[pia][nod][cla]1392__3,IRMAS-TrainingData\pia\112__[pia][nod][cla]1392__3.wav,Piano,0
[pia][pop_roc]1295__3,[pia][pop_roc]1295__3,IRMAS-TrainingData\pia\[pia][pop_roc]1295__3.wav,Piano,0
231__[pia][nod][cla]1408__1,231__[pia][nod][cla]1408__1,IRMAS-TrainingData\pia\231__[pia][nod][cla]1408__1.wav,Piano,0
[pia][jaz_blu]1516__3,[pia][jaz_blu]1516__3,IRMAS-TrainingData\pia\[pia][jaz_blu]1516__3.wav,Piano,0
[pia][pop_roc]1541__1,[pia][pop_roc]1541__1,IRMAS-TrainingData\pia\[pia][pop_roc]1541__1.wav,Piano,0
224__[pia][dru][cou_fol]1422__2,224__[pia][dru][cou_fol]1422__2,IRMAS-TrainingData\pia\224__[pia][dru][cou_fol]1422__2.wav,Piano,0
[pia][jaz_blu]1488__2,[pia][jaz_blu]1488__2,IRMAS-TrainingData\pia\[pia][jaz_blu]1488__2.wav,Piano,0
[pia][jaz_blu]1452__1,[pia][jaz_blu]1452__1,IRMAS-TrainingData\pia\[pia][jaz_blu]1452__1.wav,Piano,0
[pia][cla]1374__2,[pia][cla]1374__2,IRMAS-TrainingData\pia\[pia][cla]1374__2.wav,Piano,0
[pia][jaz_blu]1524__3,[pia][jaz_blu]1524__3,IRMAS-TrainingData\pia\[pia][jaz_blu]1524__3.wav,Piano,0
[pia][cla]1323__1,[pia][cla]1323__1,IRMAS-TrainingData\pia\[pia][cla]1323__1.wav,Piano,0
[pia][jaz_blu]1314__2,[pia][jaz_blu]1314__2,IRMAS-TrainingData\pia\[pia][jaz_blu]1314__2.wav,Piano,0
093__[pia][dru][jaz_blu]1428__2,093__[pia][dru][jaz_blu]1428__2,IRMAS-TrainingData\pia\093__[pia][dru][jaz_blu]1428__2.wav,Piano,0
[pia][cla]1327__2,[pia][cla]1327__2,IRMAS-TrainingData\pia\[pia][cla]1327__2.wav,Piano,0
[pia][pop_roc]1446__3,[pia][pop_roc]1446__3,IRMAS-TrainingData\pia\[pia][pop_roc]1446__3.wav,Piano,0
[pia][jaz_blu]1300__2,[pia][jaz_blu]1300__2,IRMAS-TrainingData\pia\[pia][jaz_blu]1300__2.wav,Piano,0
[pia][jaz_blu]1467__2,[pia][jaz_blu]1467__2,IRMAS-TrainingData\pia\[pia][jaz_blu]1467__2.wav,Piano,0
[pia][cla]1370__3,[pia][cla]1370__3,IRMAS-TrainingData\pia\[pia][cla]1370__3.wav,Piano,0
107__[pia][nod][cla]1412__3,107__[pia][nod][cla]1412__3,IRMAS-TrainingData\pia\107__[pia][nod][cla]1412__3.wav,Piano,0
[pia][cla]1308__2,[pia][cla]1308__2,IRMAS-TrainingData\pia\[pia][cla]1308__2.wav,Piano,0
[pia][jaz_blu]1528__1,[pia][jaz_blu]1528__1,IRMAS-TrainingData\pia\[pia][jaz_blu]1528__1.wav,Piano,0
[pia][jaz_blu]1300__1,[pia][jaz_blu]1300__1,IRMAS-TrainingData\pia\[pia][jaz_blu]1300__1.wav,Piano,0
[pia][cla]1308__3,[pia][cla]1308__3,IRMAS-TrainingData\pia\[pia][cla]1308__3.wav,Piano,0
[pia][jaz_blu]1505__1,[pia][jaz_blu]1505__1,IRMAS-TrainingData\pia\[pia][jaz_blu]1505__1.wav,Piano,0
[pia][jaz_blu]1463__3,[pia][jaz_blu]1463__3,IRMAS-TrainingData\pia\[pia][jaz_blu]1463__3.wav,Piano,0
[pia][jaz_blu]1487__1,[pia][jaz_blu]1487__1,IRMAS-TrainingData\pia\[pia][jaz_blu]1487__1.wav,Piano,0
204__[pia][nod][cla]1401__2,204__[pia][nod][cla]1401__2,IRMAS-TrainingData\pia\204__[pia][nod][cla]1401__2.wav,Piano,0
[pia][cla]1369__3,[pia][cla]1369__3,IRMAS-TrainingData\pia\[pia][cla]1369__3.wav,Piano,0
[pia][pop_roc]1537__2,[pia][pop_roc]1537__2,IRMAS-TrainingData\pia\[pia][pop_roc]1537__2.wav,Piano,0
[pia][cla]1355__1,[pia][cla]1355__1,IRMAS-TrainingData\pia\[pia][cla]1355__1.wav,Piano,0
[pia][pop_roc]1443__1,[pia][pop_roc]1443__1,IRMAS-TrainingData\pia\[pia][pop_roc]1443__1.wav,Piano,0
[pia][jaz_blu]1518__2,[pia][jaz_blu]1518__2,IRMAS-TrainingData\pia\[pia][jaz_blu]1518__2.wav,Piano,0
[pia][cla]1369__1,[pia][cla]1369__1,IRMAS-TrainingData\pia\[pia][cla]1369__1.wav,Piano,0
[pia][jaz_blu]1534__1,[pia][jaz_blu]1534__1,IRMAS-TrainingData\pia\[pia][jaz_blu]1534__1.wav,Piano,0
[pia][jaz_blu]1476__3,[pia][jaz_blu]1476__3,IRMAS-TrainingData\pia\[pia][jaz_blu]1476__3.wav,Piano,0
[pia][jaz_blu]1533__3,[pia][jaz_blu]1533__3,IRMAS-TrainingData\pia\[pia][jaz_blu]1533__3.wav,Piano,0
[pia][jaz_blu]1465__3,[pia][jaz_blu]1465__3,IRMAS-TrainingData\pia\[pia][jaz_blu]1465__3.wav,Piano,0
[pia][pop_roc]1331__2,[pia][pop_roc]1331__2,IRMAS-TrainingData\pia\[pia][pop_roc]1331__2.wav,Piano,0
[pia][pop_roc]1306__2,[pia][pop_roc]1306__2,IRMAS-TrainingData\pia\[pia][pop_roc]1306__2.wav,Piano,0
196__[pia][nod][pop_roc]1439__3,196__[pia][nod][pop_roc]1439__3,IRMAS-TrainingData\pia\196__[pia][nod][pop_roc]1439__3.wav,Piano,0
[pia][jaz_blu]1508__2,[pia][jaz_blu]1508__2,IRMAS-TrainingData\pia\[pia][jaz_blu]1508__2.wav,Piano,0
[pia][jaz_blu]1503__1,[pia][jaz_blu]1503__1,IRMAS-TrainingData\pia\[pia][jaz_blu]1503__1.wav,Piano,0
135__[pia][nod][cla]1396__2,135__[pia][nod][cla]1396__2,IRMAS-TrainingData\pia\135__[pia][nod][cla]1396__2.wav,Piano,0
072__[pia][nod][cla]1395__2,072__[pia][nod][cla]1395__2,IRMAS-TrainingData\pia\072__[pia][nod][cla]1395__2.wav,Piano,0
157__[pia][nod][cla]1400__3,157__[pia][nod][cla]1400__3,IRMAS-TrainingData\pia\157__[pia][nod][cla]1400__3.wav,Piano,0
218__[pia][nod][cla]1417__3,218__[pia][nod][cla]1417__3,IRMAS-TrainingData\pia\218__[pia][nod][cla]1417__3.wav,Piano,0
[pia][pop_roc]1349__3,[pia][pop_roc]1349__3,IRMAS-TrainingData\pia\[pia][pop_roc]1349__3.wav,Piano,0
[pia][pop_roc]1349__2,[pia][pop_roc]1349__2,IRMAS-TrainingData\pia\[pia][pop_roc]1349__2.wav,Piano,0
107__[pia][nod][cla]1412__1,107__[pia][nod][cla]1412__1,IRMAS-TrainingData\pia\107__[pia][nod][cla]1412__1.wav,Piano,0
[pia][jaz_blu]1460__1,[pia][jaz_blu]1460__1,IRMAS-TrainingData\pia\[pia][jaz_blu]1460__1.wav,Piano,0
[pia][jaz_blu]1452__3,[pia][jaz_blu]1452__3,IRMAS-TrainingData\pia\[pia][jaz_blu]1452__3.wav,Piano,0
[pia][jaz_blu]1490__2,[pia][jaz_blu]1490__2,IRMAS-TrainingData\pia\[pia][jaz_blu]1490__2.wav,Piano,0
[pia][jaz_blu]1515__1,[pia][jaz_blu]1515__1,IRMAS-TrainingData\pia\[pia][jaz_blu]1515__1.wav,Piano,0
[pia][cla]1361__3,[pia][cla]1361__3,IRMAS-TrainingData\pia\[pia][cla]1361__3.wav,Piano,0
[pia][jaz_blu]1523__2,[pia][jaz_blu]1523__2,IRMAS-TrainingData\pia\[pia][jaz_blu]1523__2.wav,Piano,0
024__[pia][nod][cla]1414__3,024__[pia][nod][cla]1414__3,IRMAS-TrainingData\pia\024__[pia][nod][cla]1414__3.wav,Piano,0
161__[pia][nod][pop_roc]1441__2,161__[pia][nod][pop_roc]1441__2,IRMAS-TrainingData\pia\161__[pia][nod][pop_roc]1441__2.wav,Piano,0
[pia][pop_roc]1334__1,[pia][pop_roc]1334__1,IRMAS-TrainingData\pia\[pia][pop_roc]1334__1.wav,Piano,0
[pia][pop_roc]1316__1,[pia][pop_roc]1316__1,IRMAS-TrainingData\pia\[pia][pop_roc]1316__1.wav,Piano,0
[pia][pop_roc]1349__1,[pia][pop_roc]1349__1,IRMAS-TrainingData\pia\[pia][pop_roc]1349__1.wav,Piano,0
[pia][pop_roc]1546__1,[pia][pop_roc]1546__1,IRMAS-TrainingData\pia\[pia][pop_roc]1546__1.wav,Piano,0
[pia][pop_roc]1332__2,[pia][pop_roc]1332__2,IRMAS-TrainingData\pia\[pia][pop_roc]1332__2.wav,Piano,0
[pia][jaz_blu]1479__1,[pia][jaz_blu]1479__1,IRMAS-TrainingData\pia\[pia][jaz_blu]1479__1.wav,Piano,0
220__[pia][nod][cla]1416__2,220__[pia][nod][cla]1416__2,IRMAS-TrainingData\pia\220__[pia][nod][cla]1416__2.wav,Piano,0
[pia][pop_roc]1320__1,[pia][pop_roc]1320__1,IRMAS-TrainingData\pia\[pia][pop_roc]1320__1.wav,Piano,0
002__[pia][nod][cla]1382__1,002__[pia][nod][cla]1382__1,IRMAS-TrainingData\pia\002__[pia][nod][cla]1382__1.wav,Piano,0
[pia][pop_roc]1287__3,[pia][pop_roc]1287__3,IRMAS-TrainingData\pia\[pia][pop_roc]1287__3.wav,Piano,0
[pia][jaz_blu]1505__2,[pia][jaz_blu]1505__2,IRMAS-TrainingData\pia\[pia][jaz_blu]1505__2.wav,Piano,0
244__[pia][nod][cla]1384__2,244__[pia][nod][cla]1384__2,IRMAS-TrainingData\pia\244__[pia][nod][cla]1384__2.wav,Piano,0
[pia][jaz_blu]1507__3,[pia][jaz_blu]1507__3,IRMAS-TrainingData\pia\[pia][jaz_blu]1507__3.wav,Piano,0
155__[pia][nod][cla]1415__2,155__[pia][nod][cla]1415__2,IRMAS-TrainingData\pia\155__[pia][nod][cla]1415__2.wav,Piano,0
[pia][cla]1496__2,[pia][cla]1496__2,IRMAS-TrainingData\pia\[pia][cla]1496__2.wav,Piano,0
[pia][jaz_blu]1526__2,[pia][jaz_blu]1526__2,IRMAS-TrainingData\pia\[pia][jaz_blu]1526__2.wav,Piano,0
[pia][pop_roc]1377__3,[pia][pop_roc]1377__3,IRMAS-TrainingData\pia\[pia][pop_roc]1377__3.wav,Piano,0
[pia][jaz_blu]1534__2,[pia][jaz_blu]1534__2,IRMAS-TrainingData\pia\[pia][jaz_blu]1534__2.wav,Piano,0
[pia][jaz_blu]1372__1,[pia][jaz_blu]1372__1,IRMAS-TrainingData\pia\[pia][jaz_blu]1372__1.wav,Piano,0
222__[pia][nod][pop_roc]1438__3,222__[pia][nod][pop_roc]1438__3,IRMAS-TrainingData\pia\222__[pia][nod][pop_roc]1438__3.wav,Piano,0
[pia][jaz_blu]1518__3,[pia][jaz_blu]1518__3,IRMAS-TrainingData\pia\[pia][jaz_blu]1518__3.wav,Piano,0
[pia][jaz_blu]1515__3,[pia][jaz_blu]1515__3,IRMAS-TrainingData\pia\[pia][jaz_blu]1515__3.wav,Piano,0
001__[pia][nod][cla]1389__1,001__[pia][nod][cla]1389__1,IRMAS-TrainingData\pia\001__[pia][nod][cla]1389__1.wav,Piano,0
[pia][jaz_blu]1314__1,[pia][jaz_blu]1314__1,IRMAS-TrainingData\pia\[pia][jaz_blu]1314__1.wav,Piano,0
[pia][jaz_blu]1501__2,[pia][jaz_blu]1501__2,IRMAS-TrainingData\pia\[pia][jaz_blu]1501__2.wav,Piano,0
031__[pia][nod][cla]1444__2,031__[pia][nod][cla]1444__2,IRMAS-TrainingData\pia\031__[pia][nod][cla]1444__2.wav,Piano,0
[pia][jaz_blu]1529__2,[pia][jaz_blu]1529__2,IRMAS-TrainingData\pia\[pia][jaz_blu]1529__2.wav,Piano,0
[pia][jaz_blu]1360__1,[pia][jaz_blu]1360__1,IRMAS-TrainingData\pia\[pia][jaz_blu]1360__1.wav,Piano,0
[pia][cla]1499__2,[pia][cla]1499__2,IRMAS-TrainingData\pia\[pia][cla]1499__2.wav,Piano,0
[pia][cla]1346__2,[pia][cla]1346__2,IRMAS-TrainingData\pia\[pia][cla]1346__2.wav,Piano,0
101__[pia][nod][cla]1399__1,101__[pia][nod][cla]1399__1,IRMAS-TrainingData\pia\101__[pia][nod][cla]1399__1.wav,Piano,0
[pia][cla]1346__3,[pia][cla]1346__3,IRMAS-TrainingData\pia\[pia][cla]1346__3.wav,Piano,0
[pia][pop_roc]1333__1,[pia][pop_roc]1333__1,IRMAS-TrainingData\pia\[pia][pop_roc]1333__1.wav,Piano,0
131__[pia][nod][cla]1402__2,131__[pia][nod][cla]1402__2,IRMAS-TrainingData\pia\131__[pia][nod][cla]1402__2.wav,Piano,0
[pia][jaz_blu]1500__2,[pia][jaz_blu]1500__2,IRMAS-TrainingData\pia\[pia][jaz_blu]1500__2.wav,Piano,0
108__[pia][nod][cla]1386__3,108__[pia][nod][cla]1386__3,IRMAS-TrainingData\pia\108__[pia][nod][cla]1386__3.wav,Piano,0
[pia][jaz_blu]1516__2,[pia][jaz_blu]1516__2,IRMAS-TrainingData\pia\[pia][jaz_blu]1516__2.wav,Piano,0
182__[pia][dru][cou_fol]1421__1,182__[pia][dru][cou_fol]1421__1,IRMAS-TrainingData\pia\182__[pia][dru][cou_fol]1421__1.wav,Piano,0
185__[pia][dru][pop_roc]1442__2,185__[pia][dru][pop_roc]1442__2,IRMAS-TrainingData\pia\185__[pia][dru][pop_roc]1442__2.wav,Piano,0
[pia][jaz_blu]1492__3,[pia][jaz_blu]1492__3,IRMAS-TrainingData\pia\[pia][jaz_blu]1492__3.wav,Piano,0
228__[pia][nod][pop_roc]1437__1,228__[pia][nod][pop_roc]1437__1,IRMAS-TrainingData\pia\228__[pia][nod][pop_roc]1437__1.wav,Piano,0
[pia][pop_roc]1289__2,[pia][pop_roc]1289__2,IRMAS-TrainingData\pia\[pia][pop_roc]1289__2.wav,Piano,0
[pia][jaz_blu]1514__3,[pia][jaz_blu]1514__3,IRMAS-TrainingData\pia\[pia][jaz_blu]1514__3.wav,Piano,0
[pia][jaz_blu]1475__1,[pia][jaz_blu]1475__1,IRMAS-TrainingData\pia\[pia][jaz_blu]1475__1.wav,Piano,0
[pia][pop_roc]1296__2,[pia][pop_roc]1296__2,IRMAS-TrainingData\pia\[pia][pop_roc]1296__2.wav,Piano,0
[pia][cla]1294__3,[pia][cla]1294__3,IRMAS-TrainingData\pia\[pia][cla]1294__3.wav,Piano,0
[pia][jaz_blu]1298__1,[pia][jaz_blu]1298__1,IRMAS-TrainingData\pia\[pia][jaz_blu]1298__1.wav,Piano,0
[pia][pop_roc]1286__2,[pia][pop_roc]1286__2,IRMAS-TrainingData\pia\[pia][pop_roc]1286__2.wav,Piano,0
[pia][jaz_blu]1524__2,[pia][jaz_blu]1524__2,IRMAS-TrainingData\pia\[pia][jaz_blu]1524__2.wav,Piano,0
[pia][jaz_blu]1480__1,[pia][jaz_blu]1480__1,IRMAS-TrainingData\pia\[pia][jaz_blu]1480__1.wav,Piano,0
[pia][jaz_blu]1511__1,[pia][jaz_blu]1511__1,IRMAS-TrainingData\pia\[pia][jaz_blu]1511__1.wav,Piano,0
[pia][jaz_blu]1484__3,[pia][jaz_blu]1484__3,IRMAS-TrainingData\pia\[pia][jaz_blu]1484__3.wav,Piano,0
170__[pia][nod][cla]1403__2,170__[pia][nod][cla]1403__2,IRMAS-TrainingData\pia\170__[pia][nod][cla]1403__2.wav,Piano,0
[pia][cla]1355__2,[pia][cla]1355__2,IRMAS-TrainingData\pia\[pia][cla]1355__2.wav,Piano,0
[pia][cla]1325__1,[pia][cla]1325__1,IRMAS-TrainingData\pia\[pia][cla]1325__1.wav,Piano,0
[pia][jaz_blu]1533__2,[pia][jaz_blu]1533__2,IRMAS-TrainingData\pia\[pia][jaz_blu]1533__2.wav,Piano,0
[pia][jaz_blu]1339__3,[pia][jaz_blu]1339__3,IRMAS-TrainingData\pia\[pia][jaz_blu]1339__3.wav,Piano,0
032__[pia][dru][jaz_blu]1425__2,032__[pia][dru][jaz_blu]1425__2,IRMAS-TrainingData\pia\032__[pia][dru][jaz_blu]1425__2.wav,Piano,0
[pia][cla]1337__1,[pia][cla]1337__1,IRMAS-TrainingData\pia\[pia][cla]1337__1.wav,Piano,0
[pia][pop_roc]1376__2,[pia][pop_roc]1376__2,IRMAS-TrainingData\pia\[pia][pop_roc]1376__2.wav,Piano,0
004__[pia][nod][cla]1394__2,004__[pia][nod][cla]1394__2,IRMAS-TrainingData\pia\004__[pia][nod][cla]1394__2.wav,Piano,0
112__[pia][nod][cla]1392__2,112__[pia][nod][cla]1392__2,IRMAS-TrainingData\pia\112__[pia][nod][cla]1392__2.wav,Piano,0
101__[pia][nod][cla]1399__2,101__[pia][nod][cla]1399__2,IRMAS-TrainingData\pia\101__[pia][nod][cla]1399__2.wav,Piano,0
[pia][pop_roc]1303__2,[pia][pop_roc]1303__2,IRMAS-TrainingData\pia\[pia][pop_roc]1303__2.wav,Piano,0
108__[pia][nod][cla]1386__2,108__[pia][nod][cla]1386__2,IRMAS-TrainingData\pia\108__[pia][nod][cla]1386__2.wav,Piano,0
[pia][pop_roc]1303__1,[pia][pop_roc]1303__1,IRMAS-TrainingData\pia\[pia][pop_roc]1303__1.wav,Piano,0
[pia][jaz_blu]1328__2,[pia][jaz_blu]1328__2,IRMAS-TrainingData\pia\[pia][jaz_blu]1328__2.wav,Piano,0
[pia][jaz_blu]1510__1,[pia][jaz_blu]1510__1,IRMAS-TrainingData\pia\[pia][jaz_blu]1510__1.wav,Piano,0
[pia][cla]1341__3,[pia][cla]1341__3,IRMAS-TrainingData\pia\[pia][cla]1341__3.wav,Piano,0
[pia][cla]1447__3,[pia][cla]1447__3,IRMAS-TrainingData\pia\[pia][cla]1447__3.wav,Piano,0
[pia][jaz_blu]1519__1,[pia][jaz_blu]1519__1,IRMAS-TrainingData\pia\[pia][jaz_blu]1519__1.wav,Piano,0
[pia][cla]1312__2,[pia][cla]1312__2,IRMAS-TrainingData\pia\[pia][cla]1312__2.wav,Piano,0
187__[pia][nod][cla]1404__3,187__[pia][nod][cla]1404__3,IRMAS-TrainingData\pia\187__[pia][nod][cla]1404__3.wav,Piano,0
[pia][jaz_blu]1492__1,[pia][jaz_blu]1492__1,IRMAS-TrainingData\pia\[pia][jaz_blu]1492__1.wav,Piano,0
[pia][cla]1350__2,[pia][cla]1350__2,IRMAS-TrainingData\pia\[pia][cla]1350__2.wav,Piano,0
[pia][jaz_blu]1506__1,[pia][jaz_blu]1506__1,IRMAS-TrainingData\pia\[pia][jaz_blu]1506__1.wav,Piano,0
[pia][jaz_blu]1469__2,[pia][jaz_blu]1469__2,IRMAS-TrainingData\pia\[pia][jaz_blu]1469__2.wav,Piano,0
137__[pia][nod][cla]1381__3,137__[pia][nod][cla]1381__3,IRMAS-TrainingData\pia\137__[pia][nod][cla]1381__3.wav,Piano,0
[pia][pop_roc]1281__1,[pia][pop_roc]1281__1,IRMAS-TrainingData\pia\[pia][pop_roc]1281__1.wav,Piano,0
072__[pia][nod][cla]1395__3,072__[pia][nod][cla]1395__3,IRMAS-TrainingData\pia\072__[pia][nod][cla]1395__3.wav,Piano,0
[pia][jaz_blu]1328__1,[pia][jaz_blu]1328__1,IRMAS-TrainingData\pia\[pia][jaz_blu]1328__1.wav,Piano,0
[pia][pop_roc]1345__1,[pia][pop_roc]1345__1,IRMAS-TrainingData\pia\[pia][pop_roc]1345__1.wav,Piano,0
244__[pia][nod][cla]1384__1,244__[pia][nod][cla]1384__1,IRMAS-TrainingData\pia\244__[pia][nod][cla]1384__1.wav,Piano,0
[pia][jaz_blu]1531__2,[pia][jaz_blu]1531__2,IRMAS-TrainingData\pia\[pia][jaz_blu]1531__2.wav,Piano,0
[pia][cla]1305__2,[pia][cla]1305__2,IRMAS-TrainingData\pia\[pia][cla]1305__2.wav,Piano,0
[pia][cla]1338__2,[pia][cla]1338__2,IRMAS-TrainingData\pia\[pia][cla]1338__2.wav,Piano,0
[pia][jaz_blu]1478__1,[pia][jaz_blu]1478__1,IRMAS-TrainingData\pia\[pia][jaz_blu]1478__1.wav,Piano,0
[pia][pop_roc]1319__1,[pia][pop_roc]1319__1,IRMAS-TrainingData\pia\[pia][pop_roc]1319__1.wav,Piano,0
[pia][pop_roc]1443__2,[pia][pop_roc]1443__2,IRMAS-TrainingData\pia\[pia][pop_roc]1443__2.wav,Piano,0
[pia][pop_roc]1344__3,[pia][pop_roc]1344__3,IRMAS-TrainingData\pia\[pia][pop_roc]1344__3.wav,Piano,0
[pia][jaz_blu]1318__1,[pia][jaz_blu]1318__1,IRMAS-TrainingData\pia\[pia][jaz_blu]1318__1.wav,Piano,0
[pia][jaz_blu]1313__3,[pia][jaz_blu]1313__3,IRMAS-TrainingData\pia\[pia][jaz_blu]1313__3.wav,Piano,0
084__[pia][nod][cla]1410__1,084__[pia][nod][cla]1410__1,IRMAS-TrainingData\pia\084__[pia][nod][cla]1410__1.wav,Piano,0
055__[pia][dru][cou_fol]1420__3,055__[pia][dru][cou_fol]1420__3,IRMAS-TrainingData\pia\055__[pia][dru][cou_fol]1420__3.wav,Piano,0
[pia][cla]1297__1,[pia][cla]1297__1,IRMAS-TrainingData\pia\[pia][cla]1297__1.wav,Piano,0
[pia][jaz_blu]1360__2,[pia][jaz_blu]1360__2,IRMAS-TrainingData\pia\[pia][jaz_blu]1360__2.wav,Piano,0
229__[pia][nod][jaz_blu]1434__2,229__[pia][nod][jaz_blu]1434__2,IRMAS-TrainingData\pia\229__[pia][nod][jaz_blu]1434__2.wav,Piano,0
[pia][jaz_blu]1467__1,[pia][jaz_blu]1467__1,IRMAS-TrainingData\pia\[pia][jaz_blu]1467__1.wav,Piano,0
[pia][jaz_blu]1477__3,[pia][jaz_blu]1477__3,IRMAS-TrainingData\pia\[pia][jaz_blu]1477__3.wav,Piano,0
086__[pia][dru][jaz_blu]1424__3,086__[pia][dru][jaz_blu]1424__3,IRMAS-TrainingData\pia\086__[pia][dru][jaz_blu]1424__3.wav,Piano,0
[pia][pop_roc]1333__3,[pia][pop_roc]1333__3,IRMAS-TrainingData\pia\[pia][pop_roc]1333__3.wav,Piano,0
144__[pia][nod][cla]1380__1,144__[pia][nod][cla]1380__1,IRMAS-TrainingData\pia\144__[pia][nod][cla]1380__1.wav,Piano,0
[pia][jaz_blu]1504__3,[pia][jaz_blu]1504__3,IRMAS-TrainingData\pia\[pia][jaz_blu]1504__3.wav,Piano,0
[pia][pop_roc]1302__1,[pia][pop_roc]1302__1,IRMAS-TrainingData\pia\[pia][pop_roc]1302__1.wav,Piano,0
[pia][cla]1324__3,[pia][cla]1324__3,IRMAS-TrainingData\pia\[pia][cla]1324__3.wav,Piano,0
[pia][pop_roc]1330__1,[pia][pop_roc]1330__1,IRMAS-TrainingData\pia\[pia][pop_roc]1330__1.wav,Piano,0
[pia][jaz_blu]1502__3,[pia][jaz_blu]1502__3,IRMAS-TrainingData\pia\[pia][jaz_blu]1502__3.wav,Piano,0
[pia][pop_roc]1281__2,[pia][pop_roc]1281__2,IRMAS-TrainingData\pia\[pia][pop_roc]1281__2.wav,Piano,0
[pia][pop_roc]1443__3,[pia][pop_roc]1443__3,IRMAS-TrainingData\pia\[pia][pop_roc]1443__3.wav,Piano,0
[pia][cla]1337__2,[pia][cla]1337__2,IRMAS-TrainingData\pia\[pia][cla]1337__2.wav,Piano,0
[pia][jaz_blu]1493__1,[pia][jaz_blu]1493__1,IRMAS-TrainingData\pia\[pia][jaz_blu]1493__1.wav,Piano,0
[pia][jaz_blu]1479__3,[pia][jaz_blu]1479__3,IRMAS-TrainingData\pia\[pia][jaz_blu]1479__3.wav,Piano,0
[pia][jaz_blu]1488__1,[pia][jaz_blu]1488__1,IRMAS-TrainingData\pia\[pia][jaz_blu]1488__1.wav,Piano,0
063__[pia][nod][cla]1418__1,063__[pia][nod][cla]1418__1,IRMAS-TrainingData\pia\063__[pia][nod][cla]1418__1.wav,Piano,0
[pia][cla]1323__3,[pia][cla]1323__3,IRMAS-TrainingData\pia\[pia][cla]1323__3.wav,Piano,0
[pia][jaz_blu]1468__2,[pia][jaz_blu]1468__2,IRMAS-TrainingData\pia\[pia][jaz_blu]1468__2.wav,Piano,0
[pia][jaz_blu]1493__3,[pia][jaz_blu]1493__3,IRMAS-TrainingData\pia\[pia][jaz_blu]1493__3.wav,Piano,0
[pia][pop_roc]1287__1,[pia][pop_roc]1287__1,IRMAS-TrainingData\pia\[pia][pop_roc]1287__1.wav,Piano,0
[pia][pop_roc]1541__2,[pia][pop_roc]1541__2,IRMAS-TrainingData\pia\[pia][pop_roc]1541__2.wav,Piano,0
[pia][jaz_blu]1495__3,[pia][jaz_blu]1495__3,IRMAS-TrainingData\pia\[pia][jaz_blu]1495__3.wav,Piano,0
[pia][pop_roc]1541__3,[pia][pop_roc]1541__3,IRMAS-TrainingData\pia\[pia][pop_roc]1541__3.wav,Piano,0
[pia][jaz_blu]1314__3,[pia][jaz_blu]1314__3,IRMAS-TrainingData\pia\[pia][jaz_blu]1314__3.wav,Piano,0
[pia][pop_roc]1310__1,[pia][pop_roc]1310__1,IRMAS-TrainingData\pia\[pia][pop_roc]1310__1.wav,Piano,0
[pia][jaz_blu]1473__2,[pia][jaz_blu]1473__2,IRMAS-TrainingData\pia\[pia][jaz_blu]1473__2.wav,Piano,0
[pia][jaz_blu]1510__2,[pia][jaz_blu]1510__2,IRMAS-TrainingData\pia\[pia][jaz_blu]1510__2.wav,Piano,0
072__[pia][nod][cla]1395__1,072__[pia][nod][cla]1395__1,IRMAS-TrainingData\pia\072__[pia][nod][cla]1395__1.wav,Piano,0
[pia][jaz_blu]1373__1,[pia][jaz_blu]1373__1,IRMAS-TrainingData\pia\[pia][jaz_blu]1373__1.wav,Piano,0
[pia][jaz_blu]1475__2,[pia][jaz_blu]1475__2,IRMAS-TrainingData\pia\[pia][jaz_blu]1475__2.wav,Piano,0
162__[pia][dru][pop_roc]1436__3,162__[pia][dru][pop_roc]1436__3,IRMAS-TrainingData\pia\162__[pia][dru][pop_roc]1436__3.wav,Piano,0
125__[pia][nod][cla]1378__3,125__[pia][nod][cla]1378__3,IRMAS-TrainingData\pia\125__[pia][nod][cla]1378__3.wav,Piano,0
[pia][cla]1297__3,[pia][cla]1297__3,IRMAS-TrainingData\pia\[pia][cla]1297__3.wav,Piano,0
[pia][jaz_blu]1505__3,[pia][jaz_blu]1505__3,IRMAS-TrainingData\pia\[pia][jaz_blu]1505__3.wav,Piano,0
[pia][jaz_blu]1520__1,[pia][jaz_blu]1520__1,IRMAS-TrainingData\pia\[pia][jaz_blu]1520__1.wav,Piano,0
155__[pia][nod][cla]1415__3,155__[pia][nod][cla]1415__3,IRMAS-TrainingData\pia\155__[pia][nod][cla]1415__3.wav,Piano,0
[pia][jaz_blu]1501__3,[pia][jaz_blu]1501__3,IRMAS-TrainingData\pia\[pia][jaz_blu]1501__3.wav,Piano,0
[pia][jaz_blu]1515__2,[pia][jaz_blu]1515__2,IRMAS-TrainingData\pia\[pia][jaz_blu]1515__2.wav,Piano,0
[pia][pop_roc]1446__2,[pia][pop_roc]1446__2,IRMAS-TrainingData\pia\[pia][pop_roc]1446__2.wav,Piano,0
125__[pia][nod][cla]1378__2,125__[pia][nod][cla]1378__2,IRMAS-TrainingData\pia\125__[pia][nod][cla]1378__2.wav,Piano,0
[pia][cla]1284__3,[pia][cla]1284__3,IRMAS-TrainingData\pia\[pia][cla]1284__3.wav,Piano,0
001__[pia][nod][cla]1389__2,001__[pia][nod][cla]1389__2,IRMAS-TrainingData\pia\001__[pia][nod][cla]1389__2.wav,Piano,0
[pia][cla]1292__2,[pia][cla]1292__2,IRMAS-TrainingData\pia\[pia][cla]1292__2.wav,Piano,0
[pia][jaz_blu]1506__2,[pia][jaz_blu]1506__2,IRMAS-TrainingData\pia\[pia][jaz_blu]1506__2.wav,Piano,0
[pia][jaz_blu]1462__2,[pia][jaz_blu]1462__2,IRMAS-TrainingData\pia\[pia][jaz_blu]1462__2.wav,Piano,0
[pia][jaz_blu]1528__3,[pia][jaz_blu]1528__3,IRMAS-TrainingData\pia\[pia][jaz_blu]1528__3.wav,Piano,0
[pia][cla]1325__3,[pia][cla]1325__3,IRMAS-TrainingData\pia\[pia][cla]1325__3.wav,Piano,0
[pia][pop_roc]1335__2,[pia][pop_roc]1335__2,IRMAS-TrainingData\pia\[pia][pop_roc]1335__2.wav,Piano,0
[pia][jaz_blu]1491__1,[pia][jaz_blu]1491__1,IRMAS-TrainingData\pia\[pia][jaz_blu]1491__1.wav,Piano,0
[pia][jaz_blu]1354__1,[pia][jaz_blu]1354__1,IRMAS-TrainingData\pia\[pia][jaz_blu]1354__1.wav,Piano,0
[pia][jaz_blu]1363__1,[pia][jaz_blu]1363__1,IRMAS-TrainingData\pia\[pia][jaz_blu]1363__1.wav,Piano,0
[pia][jaz_blu]1478__3,[pia][jaz_blu]1478__3,IRMAS-TrainingData\pia\[pia][jaz_blu]1478__3.wav,Piano,0
[pia][pop_roc]1320__2,[pia][pop_roc]1320__2,IRMAS-TrainingData\pia\[pia][pop_roc]1320__2.wav,Piano,0
[pia][pop_roc]1450__2,[pia][pop_roc]1450__2,IRMAS-TrainingData\pia\[pia][pop_roc]1450__2.wav,Piano,0
[pia][pop_roc]1343__1,[pia][pop_roc]1343__1,IRMAS-TrainingData\pia\[pia][pop_roc]1343__1.wav,Piano,0
[pia][cla]1352__1,[pia][cla]1352__1,IRMAS-TrainingData\pia\[pia][cla]1352__1.wav,Piano,0
118__[pia][dru][jaz_blu]1429__3,118__[pia][dru][jaz_blu]1429__3,IRMAS-TrainingData\pia\118__[pia][dru][jaz_blu]1429__3.wav,Piano,0
[pia][jaz_blu]1492__2,[pia][jaz_blu]1492__2,IRMAS-TrainingData\pia\[pia][jaz_blu]1492__2.wav,Piano,0
215__[pia][dru][jaz_blu]1432__1,215__[pia][dru][jaz_blu]1432__1,IRMAS-TrainingData\pia\215__[pia][dru][jaz_blu]1432__1.wav,Piano,0
157__[pia][nod][cla]1400__2,157__[pia][nod][cla]1400__2,IRMAS-TrainingData\pia\157__[pia][nod][cla]1400__2.wav,Piano,0
055__[pia][dru][cou_fol]1420__1,055__[pia][dru][cou_fol]1420__1,IRMAS-TrainingData\pia\055__[pia][dru][cou_fol]1420__1.wav,Piano,0
[pia][pop_roc]1326__1,[pia][pop_roc]1326__1,IRMAS-TrainingData\pia\[pia][pop_roc]1326__1.wav,Piano,0
[pia][jaz_blu]1363__3,[pia][jaz_blu]1363__3,IRMAS-TrainingData\pia\[pia][jaz_blu]1363__3.wav,Piano,0
[pia][cla]1374__3,[pia][cla]1374__3,IRMAS-TrainingData\pia\[pia][cla]1374__3.wav,Piano,0
[pia][jaz_blu]1495__2,[pia][jaz_blu]1495__2,IRMAS-TrainingData\pia\[pia][jaz_blu]1495__2.wav,Piano,0
[pia][jaz_blu]1514__2,[pia][jaz_blu]1514__2,IRMAS-TrainingData\pia\[pia][jaz_blu]1514__2.wav,Piano,0
220__[pia][nod][cla]1416__1,220__[pia][nod][cla]1416__1,IRMAS-TrainingData\pia\220__[pia][nod][cla]1416__1.wav,Piano,0
[pia][pop_roc]1376__3,[pia][pop_roc]1376__3,IRMAS-TrainingData\pia\[pia][pop_roc]1376__3.wav,Piano,0
[pia][jaz_blu]1486__2,[pia][jaz_blu]1486__2,IRMAS-TrainingData\pia\[pia][jaz_blu]1486__2.wav,Piano,0
[gac][pop_roc]0723__1,[gac][pop_roc]0723__1,IRMAS-TrainingData\gac\[gac][pop_roc]0723__1.wav,Acoustic Guitar,1
[gac][pop_roc]0650__3,[gac][pop_roc]0650__3,IRMAS-TrainingData\gac\[gac][pop_roc]0650__3.wav,Acoustic Guitar,1
[gac][pop_roc]0680__2,[gac][pop_roc]0680__2,IRMAS-TrainingData\gac\[gac][pop_roc]0680__2.wav,Acoustic Guitar,1
[gac][pop_roc]0692__2,[gac][pop_roc]0692__2,IRMAS-TrainingData\gac\[gac][pop_roc]0692__2.wav,Acoustic Guitar,1
[gac][cla]0585__2,[gac][cla]0585__2,IRMAS-TrainingData\gac\[gac][cla]0585__2.wav,Acoustic Guitar,1
159__[gac][nod][cou_fol]0718__1,159__[gac][nod][cou_fol]0718__1,IRMAS-TrainingData\gac\159__[gac][nod][cou_fol]0718__1.wav,Acoustic Guitar,1
[gac][pop_roc]0682__2,[gac][pop_roc]0682__2,IRMAS-TrainingData\gac\[gac][pop_roc]0682__2.wav,Acoustic Guitar,1
195__[gac][nod][cou_fol]0773__1,195__[gac][nod][cou_fol]0773__1,IRMAS-TrainingData\gac\195__[gac][nod][cou_fol]0773__1.wav,Acoustic Guitar,1
[gac][cla]0610__1,[gac][cla]0610__1,IRMAS-TrainingData\gac\[gac][cla]0610__1.wav,Acoustic Guitar,1
176__[gac][nod][cou_fol]0772__1,176__[gac][nod][cou_fol]0772__1,IRMAS-TrainingData\gac\176__[gac][nod][cou_fol]0772__1.wav,Acoustic Guitar,1
[gac][pop_roc]0726__3,[gac][pop_roc]0726__3,IRMAS-TrainingData\gac\[gac][pop_roc]0726__3.wav,Acoustic Guitar,1
174__[gac][nod][cou_fol]0716__3,174__[gac][nod][cou_fol]0716__3,IRMAS-TrainingData\gac\174__[gac][nod][cou_fol]0716__3.wav,Acoustic Guitar,1
[gac][cla]0667__1,[gac][cla]0667__1,IRMAS-TrainingData\gac\[gac][cla]0667__1.wav,Acoustic Guitar,1
[gac][pop_roc]0599__1,[gac][pop_roc]0599__1,IRMAS-TrainingData\gac\[gac][pop_roc]0599__1.wav,Acoustic Guitar,1
[gac][cla]0548__2,[gac][cla]0548__2,IRMAS-TrainingData\gac\[gac][cla]0548__2.wav,Acoustic Guitar,1
[gac][pop_roc]0705__3,[gac][pop_roc]0705__3,IRMAS-TrainingData\gac\[gac][pop_roc]0705__3.wav,Acoustic Guitar,1
[gac][jaz_blu]0532__1,[gac][jaz_blu]0532__1,IRMAS-TrainingData\gac\[gac][jaz_blu]0532__1.wav,Acoustic Guitar,1
[gac][pop_roc]0721__1,[gac][pop_roc]0721__1,IRMAS-TrainingData\gac\[gac][pop_roc]0721__1.wav,Acoustic Guitar,1
[gac][pop_roc]0726__2,[gac][pop_roc]0726__2,IRMAS-TrainingData\gac\[gac][pop_roc]0726__2.wav,Acoustic Guitar,1
122__[gac][nod][cou_fol]0715__3,122__[gac][nod][cou_fol]0715__3,IRMAS-TrainingData\gac\122__[gac][nod][cou_fol]0715__3.wav,Acoustic Guitar,1
195__[gac][nod][cou_fol]0773__2,195__[gac][nod][cou_fol]0773__2,IRMAS-TrainingData\gac\195__[gac][nod][cou_fol]0773__2.wav,Acoustic Guitar,1
[gac][pop_roc]0606__2,[gac][pop_roc]0606__2,IRMAS-TrainingData\gac\[gac][pop_roc]0606__2.wav,Acoustic Guitar,1
[gac][pop_roc]0722__3,[gac][pop_roc]0722__3,IRMAS-TrainingData\gac\[gac][pop_roc]0722__3.wav,Acoustic Guitar,1
[gac][pop_roc]0704__1,[gac][pop_roc]0704__1,IRMAS-TrainingData\gac\[gac][pop_roc]0704__1.wav,Acoustic Guitar,1
[gac][pop_roc]0689__2,[gac][pop_roc]0689__2,IRMAS-TrainingData\gac\[gac][pop_roc]0689__2.wav,Acoustic Guitar,1
[gac][jaz_blu]0639__1,[gac][jaz_blu]0639__1,IRMAS-TrainingData\gac\[gac][jaz_blu]0639__1.wav,Acoustic Guitar,1
[gac][jaz_blu]0543__1,[gac][jaz_blu]0543__1,IRMAS-TrainingData\gac\[gac][jaz_blu]0543__1.wav,Acoustic Guitar,1
[gac][cla]0634__3,[gac][cla]0634__3,IRMAS-TrainingData\gac\[gac][cla]0634__3.wav,Acoustic Guitar,1
[gac][jaz_blu]0638__2,[gac][jaz_blu]0638__2,IRMAS-TrainingData\gac\[gac][jaz_blu]0638__2.wav,Acoustic Guitar,1
[gac][jaz_blu]0523__2,[gac][jaz_blu]0523__2,IRMAS-TrainingData\gac\[gac][jaz_blu]0523__2.wav,Acoustic Guitar,1
[gac][jaz_blu]0544__2,[gac][jaz_blu]0544__2,IRMAS-TrainingData\gac\[gac][jaz_blu]0544__2.wav,Acoustic Guitar,1
[gac][pop_roc]0584__2,[gac][pop_roc]0584__2,IRMAS-TrainingData\gac\[gac][pop_roc]0584__2.wav,Acoustic Guitar,1
[gac][cla]0554__2,[gac][cla]0554__2,IRMAS-TrainingData\gac\[gac][cla]0554__2.wav,Acoustic Guitar,1
[gac][jaz_blu]0603__3,[gac][jaz_blu]0603__3,IRMAS-TrainingData\gac\[gac][jaz_blu]0603__3.wav,Acoustic Guitar,1
[gac][pop_roc]0642__1,[gac][pop_roc]0642__1,IRMAS-TrainingData\gac\[gac][pop_roc]0642__1.wav,Acoustic Guitar,1
[gac][pop_roc]0727__2,[gac][pop_roc]0727__2,IRMAS-TrainingData\gac\[gac][pop_roc]0727__2.wav,Acoustic Guitar,1
182__[gac][nod][cou_fol]0711__2,182__[gac][nod][cou_fol]0711__2,IRMAS-TrainingData\gac\182__[gac][nod][cou_fol]0711__2.wav,Acoustic Guitar,1
045__[gac][nod][jaz_blu]0823__2,045__[gac][nod][jaz_blu]0823__2,IRMAS-TrainingData\gac\045__[gac][nod][jaz_blu]0823__2.wav,Acoustic Guitar,1
[gac][pop_roc]0642__2,[gac][pop_roc]0642__2,IRMAS-TrainingData\gac\[gac][pop_roc]0642__2.wav,Acoustic Guitar,1
[gac][pop_roc]0703__2,[gac][pop_roc]0703__2,IRMAS-TrainingData\gac\[gac][pop_roc]0703__2.wav,Acoustic Guitar,1
[gac][cla]0527__3,[gac][cla]0527__3,IRMAS-TrainingData\gac\[gac][cla]0527__3.wav,Acoustic Guitar,1
182__[gac][nod][cou_fol]0711__3,182__[gac][nod][cou_fol]0711__3,IRMAS-TrainingData\gac\182__[gac][nod][cou_fol]0711__3.wav,Acoustic Guitar,1
[gac][pop_roc]0694__3,[gac][pop_roc]0694__3,IRMAS-TrainingData\gac\[gac][pop_roc]0694__3.wav,Acoustic Guitar,1
[gac][cla]0658__3,[gac][cla]0658__3,IRMAS-TrainingData\gac\[gac][cla]0658__3.wav,Acoustic Guitar,1
[gac][pop_roc]0681__3,[gac][pop_roc]0681__3,IRMAS-TrainingData\gac\[gac][pop_roc]0681__3.wav,Acoustic Guitar,1
[gac][pop_roc]0725__3,[gac][pop_roc]0725__3,IRMAS-TrainingData\gac\[gac][pop_roc]0725__3.wav,Acoustic Guitar,1
[gac][cla]0554__3,[gac][cla]0554__3,IRMAS-TrainingData\gac\[gac][cla]0554__3.wav,Acoustic Guitar,1
[gac][pop_roc]0546__1,[gac][pop_roc]0546__1,IRMAS-TrainingData\gac\[gac][pop_roc]0546__1.wav,Acoustic Guitar,1
[gac][pop_roc]0733__2,[gac][pop_roc]0733__2,IRMAS-TrainingData\gac\[gac][pop_roc]0733__2.wav,Acoustic Guitar,1
[gac][jaz_blu]0531__2,[gac][jaz_blu]0531__2,IRMAS-TrainingData\gac\[gac][jaz_blu]0531__2.wav,Acoustic Guitar,1
[gac][pop_roc]0564__2,[gac][pop_roc]0564__2,IRMAS-TrainingData\gac\[gac][pop_roc]0564__2.wav,Acoustic Guitar,1
[gac][jaz_blu]0583__1,[gac][jaz_blu]0583__1,IRMAS-TrainingData\gac\[gac][jaz_blu]0583__1.wav,Acoustic Guitar,1
[gac][pop_roc]0736__1,[gac][pop_roc]0736__1,IRMAS-TrainingData\gac\[gac][pop_roc]0736__1.wav,Acoustic Guitar,1
[gac][pop_roc]0620__3,[gac][pop_roc]0620__3,IRMAS-TrainingData\gac\[gac][pop_roc]0620__3.wav,Acoustic Guitar,1
[gac][pop_roc]0696__3,[gac][pop_roc]0696__3,IRMAS-TrainingData\gac\[gac][pop_roc]0696__3.wav,Acoustic Guitar,1
[gac][jaz_blu]0607__2,[gac][jaz_blu]0607__2,IRMAS-TrainingData\gac\[gac][jaz_blu]0607__2.wav,Acoustic Guitar,1
[gac][pop_roc]0691__3,[gac][pop_roc]0691__3,IRMAS-TrainingData\gac\[gac][pop_roc]0691__3.wav,Acoustic Guitar,1
045__[gac][nod][jaz_blu]0823__1,045__[gac][nod][jaz_blu]0823__1,IRMAS-TrainingData\gac\045__[gac][nod][jaz_blu]0823__1.wav,Acoustic Guitar,1
[gac][pop_roc]0700__2,[gac][pop_roc]0700__2,IRMAS-TrainingData\gac\[gac][pop_roc]0700__2.wav,Acoustic Guitar,1
[gac][jaz_blu]0603__2,[gac][jaz_blu]0603__2,IRMAS-TrainingData\gac\[gac][jaz_blu]0603__2.wav,Acoustic Guitar,1
[gac][cla]0529__1,[gac][cla]0529__1,IRMAS-TrainingData\gac\[gac][cla]0529__1.wav,Acoustic Guitar,1
[gac][cla]0555__2,[gac][cla]0555__2,IRMAS-TrainingData\gac\[gac][cla]0555__2.wav,Acoustic Guitar,1
[gac][jaz_blu]0544__1,[gac][jaz_blu]0544__1,IRMAS-TrainingData\gac\[gac][jaz_blu]0544__1.wav,Acoustic Guitar,1
[gac][cla]0542__1,[gac][cla]0542__1,IRMAS-TrainingData\gac\[gac][cla]0542__1.wav,Acoustic Guitar,1
[gac][cla]0530__1,[gac][cla]0530__1,IRMAS-TrainingData\gac\[gac][cla]0530__1.wav,Acoustic Guitar,1
[gac][pop_roc]0700__1,[gac][pop_roc]0700__1,IRMAS-TrainingData\gac\[gac][pop_roc]0700__1.wav,Acoustic Guitar,1
[gac][cla]0582__3,[gac][cla]0582__3,IRMAS-TrainingData\gac\[gac][cla]0582__3.wav,Acoustic Guitar,1
[gac][jaz_blu]0559__3,[gac][jaz_blu]0559__3,IRMAS-TrainingData\gac\[gac][jaz_blu]0559__3.wav,Acoustic Guitar,1
[gac][jaz_blu]0577__1,[gac][jaz_blu]0577__1,IRMAS-TrainingData\gac\[gac][jaz_blu]0577__1.wav,Acoustic Guitar,1
[gac][cla]0636__3,[gac][cla]0636__3,IRMAS-TrainingData\gac\[gac][cla]0636__3.wav,Acoustic Guitar,1
[gac][pop_roc]0537__2,[gac][pop_roc]0537__2,IRMAS-TrainingData\gac\[gac][pop_roc]0537__2.wav,Acoustic Guitar,1
[gac][cla]0634__2,[gac][cla]0634__2,IRMAS-TrainingData\gac\[gac][cla]0634__2.wav,Acoustic Guitar,1
[gac][pop_roc]0702__3,[gac][pop_roc]0702__3,IRMAS-TrainingData\gac\[gac][pop_roc]0702__3.wav,Acoustic Guitar,1
[gac][pop_roc]0681__2,[gac][pop_roc]0681__2,IRMAS-TrainingData\gac\[gac][pop_roc]0681__2.wav,Acoustic Guitar,1
[gac][pop_roc]0657__3,[gac][pop_roc]0657__3,IRMAS-TrainingData\gac\[gac][pop_roc]0657__3.wav,Acoustic Guitar,1
[gac][jaz_blu]0535__3,[gac][jaz_blu]0535__3,IRMAS-TrainingData\gac\[gac][jaz_blu]0535__3.wav,Acoustic Guitar,1
154__[gac][nod][cou_fol]0765__1,154__[gac][nod][cou_fol]0765__1,IRMAS-TrainingData\gac\154__[gac][nod][cou_fol]0765__1.wav,Acoustic Guitar,1
[gac][cla]0518__1,[gac][cla]0518__1,IRMAS-TrainingData\gac\[gac][cla]0518__1.wav,Acoustic Guitar,1
[gac][pop_roc]0611__3,[gac][pop_roc]0611__3,IRMAS-TrainingData\gac\[gac][pop_roc]0611__3.wav,Acoustic Guitar,1
[gac][jaz_blu]0568__2,[gac][jaz_blu]0568__2,IRMAS-TrainingData\gac\[gac][jaz_blu]0568__2.wav,Acoustic Guitar,1
133__[gac][dru][jaz_blu]0808__3,133__[gac][dru][jaz_blu]0808__3,IRMAS-TrainingData\gac\133__[gac][dru][jaz_blu]0808__3.wav,Acoustic Guitar,1
016__[gac][dru][cou_fol]0671__1,016__[gac][dru][cou_fol]0671__1,IRMAS-TrainingData\gac\016__[gac][dru][cou_fol]0671__1.wav,Acoustic Guitar,1
[gac][pop_roc]0522__1,[gac][pop_roc]0522__1,IRMAS-TrainingData\gac\[gac][pop_roc]0522__1.wav,Acoustic Guitar,1
[gac][cla]0554__1,[gac][cla]0554__1,IRMAS-TrainingData\gac\[gac][cla]0554__1.wav,Acoustic Guitar,1
[gac][jaz_blu]0543__2,[gac][jaz_blu]0543__2,IRMAS-TrainingData\gac\[gac][jaz_blu]0543__2.wav,Acoustic Guitar,1
[gac][cla]0586__3,[gac][cla]0586__3,IRMAS-TrainingData\gac\[gac][cla]0586__3.wav,Acoustic Guitar,1
[gac][pop_roc]0622__2,[gac][pop_roc]0622__2,IRMAS-TrainingData\gac\[gac][pop_roc]0622__2.wav,Acoustic Guitar,1
[gac][pop_roc]0616__1,[gac][pop_roc]0616__1,IRMAS-TrainingData\gac\[gac][pop_roc]0616__1.wav,Acoustic Guitar,1
[gac][pop_roc]0723__2,[gac][pop_roc]0723__2,IRMAS-TrainingData\gac\[gac][pop_roc]0723__2.wav,Acoustic Guitar,1
[gac][cla]0533__3,[gac][cla]0533__3,IRMAS-TrainingData\gac\[gac][cla]0533__3.wav,Acoustic Guitar,1
187__[gac][nod][pop_roc]0623__2,187__[gac][nod][pop_roc]0623__2,IRMAS-TrainingData\gac\187__[gac][nod][pop_roc]0623__2.wav,Acoustic Guitar,1
[gac][cla]0575__2,[gac][cla]0575__2,IRMAS-TrainingData\gac\[gac][cla]0575__2.wav,Acoustic Guitar,1
110__[gac][nod][cou_fol]0771__2,110__[gac][nod][cou_fol]0771__2,IRMAS-TrainingData\gac\110__[gac][nod][cou_fol]0771__2.wav,Acoustic Guitar,1
[gac][pop_roc]0707__1,[gac][pop_roc]0707__1,IRMAS-TrainingData\gac\[gac][pop_roc]0707__1.wav,Acoustic Guitar,1
[gac][cla]0575__1,[gac][cla]0575__1,IRMAS-TrainingData\gac\[gac][cla]0575__1.wav,Acoustic Guitar,1
[gac][pop_roc]0617__1,[gac][pop_roc]0617__1,IRMAS-TrainingData\gac\[gac][pop_roc]0617__1.wav,Acoustic Guitar,1
[gac][cla]0553__1,[gac][cla]0553__1,IRMAS-TrainingData\gac\[gac][cla]0553__1.wav,Acoustic Guitar,1
131__[gac][nod][cou_fol]0767__2,131__[gac][nod][cou_fol]0767__2,IRMAS-TrainingData\gac\131__[gac][nod][cou_fol]0767__2.wav,Acoustic Guitar,1
[gac][jaz_blu]0626__2,[gac][jaz_blu]0626__2,IRMAS-TrainingData\gac\[gac][jaz_blu]0626__2.wav,Acoustic Guitar,1
[gac][pop_roc]0558__2,[gac][pop_roc]0558__2,IRMAS-TrainingData\gac\[gac][pop_roc]0558__2.wav,Acoustic Guitar,1
[gac][pop_roc]0729__2,[gac][pop_roc]0729__2,IRMAS-TrainingData\gac\[gac][pop_roc]0729__2.wav,Acoustic Guitar,1
[gac][pop_roc]0556__1,[gac][pop_roc]0556__1,IRMAS-TrainingData\gac\[gac][pop_roc]0556__1.wav,Acoustic Guitar,1
[gac][pop_roc]0728__1,[gac][pop_roc]0728__1,IRMAS-TrainingData\gac\[gac][pop_roc]0728__1.wav,Acoustic Guitar,1
[gac][jaz_blu]0535__1,[gac][jaz_blu]0535__1,IRMAS-TrainingData\gac\[gac][jaz_blu]0535__1.wav,Acoustic Guitar,1
[gac][cla]0528__3,[gac][cla]0528__3,IRMAS-TrainingData\gac\[gac][cla]0528__3.wav,Acoustic Guitar,1
[gac][pop_roc]0547__3,[gac][pop_roc]0547__3,IRMAS-TrainingData\gac\[gac][pop_roc]0547__3.wav,Acoustic Guitar,1
[gac][pop_roc]0601__1,[gac][pop_roc]0601__1,IRMAS-TrainingData\gac\[gac][pop_roc]0601__1.wav,Acoustic Guitar,1
[gac][cla]0582__2,[gac][cla]0582__2,IRMAS-TrainingData\gac\[gac][cla]0582__2.wav,Acoustic Guitar,1
[gac][cla]0667__3,[gac][cla]0667__3,IRMAS-TrainingData\gac\[gac][cla]0667__3.wav,Acoustic Guitar,1
[gac][cla]0588__1,[gac][cla]0588__1,IRMAS-TrainingData\gac\[gac][cla]0588__1.wav,Acoustic Guitar,1
[gac][cla]0600__1,[gac][cla]0600__1,IRMAS-TrainingData\gac\[gac][cla]0600__1.wav,Acoustic Guitar,1
[gac][pop_roc]0604__1,[gac][pop_roc]0604__1,IRMAS-TrainingData\gac\[gac][pop_roc]0604__1.wav,Acoustic Guitar,1
068__[gac][nod][cou_fol]0774__3,068__[gac][nod][cou_fol]0774__3,IRMAS-TrainingData\gac\068__[gac][nod][cou_fol]0774__3.wav,Acoustic Guitar,1
[gac][cla]0600__3,[gac][cla]0600__3,IRMAS-TrainingData\gac\[gac][cla]0600__3.wav,Acoustic Guitar,1
[gac][pop_roc]0521__3,[gac][pop_roc]0521__3,IRMAS-TrainingData\gac\[gac][pop_roc]0521__3.wav,Acoustic Guitar,1
[gac][pop_roc]0602__3,[gac][pop_roc]0602__3,IRMAS-TrainingData\gac\[gac][pop_roc]0602__3.wav,Acoustic Guitar,1
[gac][jaz_blu]0532__3,[gac][jaz_blu]0532__3,IRMAS-TrainingData\gac\[gac][jaz_blu]0532__3.wav,Acoustic Guitar,1
[gac][jaz_blu]0549__1,[gac][jaz_blu]0549__1,IRMAS-TrainingData\gac\[gac][jaz_blu]0549__1.wav,Acoustic Guitar,1
[gac][cla]0586__1,[gac][cla]0586__1,IRMAS-TrainingData\gac\[gac][cla]0586__1.wav,Acoustic Guitar,1
[gac][cla]0530__2,[gac][cla]0530__2,IRMAS-TrainingData\gac\[gac][cla]0530__2.wav,Acoustic Guitar,1
[gac][pop_roc]0570__3,[gac][pop_roc]0570__3,IRMAS-TrainingData\gac\[gac][pop_roc]0570__3.wav,Acoustic Guitar,1
122__[gac][nod][cou_fol]0715__2,122__[gac][nod][cou_fol]0715__2,IRMAS-TrainingData\gac\122__[gac][nod][cou_fol]0715__2.wav,Acoustic Guitar,1
[gac][pop_roc]0646__2,[gac][pop_roc]0646__2,IRMAS-TrainingData\gac\[gac][pop_roc]0646__2.wav,Acoustic Guitar,1
[gac][cla]0662__3,[gac][cla]0662__3,IRMAS-TrainingData\gac\[gac][cla]0662__3.wav,Acoustic Guitar,1
[gac][cla]0633__1,[gac][cla]0633__1,IRMAS-TrainingData\gac\[gac][cla]0633__1.wav,Acoustic Guitar,1
[gac][pop_roc]0643__1,[gac][pop_roc]0643__1,IRMAS-TrainingData\gac\[gac][pop_roc]0643__1.wav,Acoustic Guitar,1
[gac][cla]0596__2,[gac][cla]0596__2,IRMAS-TrainingData\gac\[gac][cla]0596__2.wav,Acoustic Guitar,1
[gac][cla]0579__3,[gac][cla]0579__3,IRMAS-TrainingData\gac\[gac][cla]0579__3.wav,Acoustic Guitar,1
[gac][pop_roc]0602__2,[gac][pop_roc]0602__2,IRMAS-TrainingData\gac\[gac][pop_roc]0602__2.wav,Acoustic Guitar,1
[gac][pop_roc]0589__1,[gac][pop_roc]0589__1,IRMAS-TrainingData\gac\[gac][pop_roc]0589__1.wav,Acoustic Guitar,1
[gac][pop_roc]0620__1,[gac][pop_roc]0620__1,IRMAS-TrainingData\gac\[gac][pop_roc]0620__1.wav,Acoustic Guitar,1
[gac][cla]0540__2,[gac][cla]0540__2,IRMAS-TrainingData\gac\[gac][cla]0540__2.wav,Acoustic Guitar,1
[gac][pop_roc]0693__3,[gac][pop_roc]0693__3,IRMAS-TrainingData\gac\[gac][pop_roc]0693__3.wav,Acoustic Guitar,1
046__[gac][dru][cou_fol]0709__2,046__[gac][dru][cou_fol]0709__2,IRMAS-TrainingData\gac\046__[gac][dru][cou_fol]0709__2.wav,Acoustic Guitar,1
[gac][pop_roc]0520__3,[gac][pop_roc]0520__3,IRMAS-TrainingData\gac\[gac][pop_roc]0520__3.wav,Acoustic Guitar,1
[gac][cla]0526__2,[gac][cla]0526__2,IRMAS-TrainingData\gac\[gac][cla]0526__2.wav,Acoustic Guitar,1
[gac][pop_roc]0679__3,[gac][pop_roc]0679__3,IRMAS-TrainingData\gac\[gac][pop_roc]0679__3.wav,Acoustic Guitar,1
[gac][cla]0588__3,[gac][cla]0588__3,IRMAS-TrainingData\gac\[gac][cla]0588__3.wav,Acoustic Guitar,1
[gac][cla]0562__1,[gac][cla]0562__1,IRMAS-TrainingData\gac\[gac][cla]0562__1.wav,Acoustic Guitar,1
[gac][pop_roc]0617__3,[gac][pop_roc]0617__3,IRMAS-TrainingData\gac\[gac][pop_roc]0617__3.wav,Acoustic Guitar,1
110__[gac][nod][cou_fol]0771__1,110__[gac][nod][cou_fol]0771__1,IRMAS-TrainingData\gac\110__[gac][nod][cou_fol]0771__1.wav,Acoustic Guitar,1
[gac][pop_roc]0655__1,[gac][pop_roc]0655__1,IRMAS-TrainingData\gac\[gac][pop_roc]0655__1.wav,Acoustic Guitar,1
[gac][pop_roc]0576__1,[gac][pop_roc]0576__1,IRMAS-TrainingData\gac\[gac][pop_roc]0576__1.wav,Acoustic Guitar,1
[gac][pop_roc]0657__1,[gac][pop_roc]0657__1,IRMAS-TrainingData\gac\[gac][pop_roc]0657__1.wav,Acoustic Guitar,1
[gac][pop_roc]0679__1,[gac][pop_roc]0679__1,IRMAS-TrainingData\gac\[gac][pop_roc]0679__1.wav,Acoustic Guitar,1
[gac][jaz_blu]0640__3,[gac][jaz_blu]0640__3,IRMAS-TrainingData\gac\[gac][jaz_blu]0640__3.wav,Acoustic Guitar,1
[gac][jaz_blu]0536__3,[gac][jaz_blu]0536__3,IRMAS-TrainingData\gac\[gac][jaz_blu]0536__3.wav,Acoustic Guitar,1
[gac][pop_roc]0698__3,[gac][pop_roc]0698__3,IRMAS-TrainingData\gac\[gac][pop_roc]0698__3.wav,Acoustic Guitar,1
[gac][pop_roc]0534__1,[gac][pop_roc]0534__1,IRMAS-TrainingData\gac\[gac][pop_roc]0534__1.wav,Acoustic Guitar,1
[gac][pop_roc]0611__1,[gac][pop_roc]0611__1,IRMAS-TrainingData\gac\[gac][pop_roc]0611__1.wav,Acoustic Guitar,1
[gac][jaz_blu]0549__2,[gac][jaz_blu]0549__2,IRMAS-TrainingData\gac\[gac][jaz_blu]0549__2.wav,Acoustic Guitar,1
[gac][cla]0590__1,[gac][cla]0590__1,IRMAS-TrainingData\gac\[gac][cla]0590__1.wav,Acoustic Guitar,1
[gac][pop_roc]0646__1,[gac][pop_roc]0646__1,IRMAS-TrainingData\gac\[gac][pop_roc]0646__1.wav,Acoustic Guitar,1
051__[gac][dru][pop_roc]0624__1,051__[gac][dru][pop_roc]0624__1,IRMAS-TrainingData\gac\051__[gac][dru][pop_roc]0624__1.wav,Acoustic Guitar,1
159__[gac][nod][cou_fol]0718__2,159__[gac][nod][cou_fol]0718__2,IRMAS-TrainingData\gac\159__[gac][nod][cou_fol]0718__2.wav,Acoustic Guitar,1
[gac][pop_roc]0621__1,[gac][pop_roc]0621__1,IRMAS-TrainingData\gac\[gac][pop_roc]0621__1.wav,Acoustic Guitar,1
[gac][pop_roc]0695__3,[gac][pop_roc]0695__3,IRMAS-TrainingData\gac\[gac][pop_roc]0695__3.wav,Acoustic Guitar,1
218__[gac][nod][cou_fol]0768__1,218__[gac][nod][cou_fol]0768__1,IRMAS-TrainingData\gac\218__[gac][nod][cou_fol]0768__1.wav,Acoustic Guitar,1
[gac][jaz_blu]0593__2,[gac][jaz_blu]0593__2,IRMAS-TrainingData\gac\[gac][jaz_blu]0593__2.wav,Acoustic Guitar,1
[gac][pop_roc]0720__2,[gac][pop_roc]0720__2,IRMAS-TrainingData\gac\[gac][pop_roc]0720__2.wav,Acoustic Guitar,1
052__[gac][nod][cou_fol]0769__3,052__[gac][nod][cou_fol]0769__3,IRMAS-TrainingData\gac\052__[gac][nod][cou_fol]0769__3.wav,Acoustic Guitar,1
158__[gac][nod][cou_fol]0766__1,158__[gac][nod][cou_fol]0766__1,IRMAS-TrainingData\gac\158__[gac][nod][cou_fol]0766__1.wav,Acoustic Guitar,1
[gac][jaz_blu]0603__1,[gac][jaz_blu]0603__1,IRMAS-TrainingData\gac\[gac][jaz_blu]0603__1.wav,Acoustic Guitar,1
[gac][cla]0661__1,[gac][cla]0661__1,IRMAS-TrainingData\gac\[gac][cla]0661__1.wav,Acoustic Guitar,1
[gac][cla]0595__2,[gac][cla]0595__2,IRMAS-TrainingData\gac\[gac][cla]0595__2.wav,Acoustic Guitar,1
[gac][pop_roc]0690__2,[gac][pop_roc]0690__2,IRMAS-TrainingData\gac\[gac][pop_roc]0690__2.wav,Acoustic Guitar,1
[gac][pop_roc]0580__2,[gac][pop_roc]0580__2,IRMAS-TrainingData\gac\[gac][pop_roc]0580__2.wav,Acoustic Guitar,1
[gac][cla]0585__1,[gac][cla]0585__1,IRMAS-TrainingData\gac\[gac][cla]0585__1.wav,Acoustic Guitar,1
[gac][cla]0661__2,[gac][cla]0661__2,IRMAS-TrainingData\gac\[gac][cla]0661__2.wav,Acoustic Guitar,1
[gac][jaz_blu]0607__3,[gac][jaz_blu]0607__3,IRMAS-TrainingData\gac\[gac][jaz_blu]0607__3.wav,Acoustic Guitar,1
[gac][jaz_blu]0538__1,[gac][jaz_blu]0538__1,IRMAS-TrainingData\gac\[gac][jaz_blu]0538__1.wav,Acoustic Guitar,1
[gac][pop_roc]0646__3,[gac][pop_roc]0646__3,IRMAS-TrainingData\gac\[gac][pop_roc]0646__3.wav,Acoustic Guitar,1
[gac][cla]0619__2,[gac][cla]0619__2,IRMAS-TrainingData\gac\[gac][cla]0619__2.wav,Acoustic Guitar,1
[gac][pop_roc]0628__2,[gac][pop_roc]0628__2,IRMAS-TrainingData\gac\[gac][pop_roc]0628__2.wav,Acoustic Guitar,1
[gac][jaz_blu]0587__3,[gac][jaz_blu]0587__3,IRMAS-TrainingData\gac\[gac][jaz_blu]0587__3.wav,Acoustic Guitar,1
[gac][cla]0526__1,[gac][cla]0526__1,IRMAS-TrainingData\gac\[gac][cla]0526__1.wav,Acoustic Guitar,1
[gac][pop_roc]0691__2,[gac][pop_roc]0691__2,IRMAS-TrainingData\gac\[gac][pop_roc]0691__2.wav,Acoustic Guitar,1
054__[gac][dru][cou_fol]0763__3,054__[gac][dru][cou_fol]0763__3,IRMAS-TrainingData\gac\054__[gac][dru][cou_fol]0763__3.wav,Acoustic Guitar,1
[gac][pop_roc]0687__3,[gac][pop_roc]0687__3,IRMAS-TrainingData\gac\[gac][pop_roc]0687__3.wav,Acoustic Guitar,1
[gac][pop_roc]0724__2,[gac][pop_roc]0724__2,IRMAS-TrainingData\gac\[gac][pop_roc]0724__2.wav,Acoustic Guitar,1
014__[gac][nod][cou_fol]0770__1,014__[gac][nod][cou_fol]0770__1,IRMAS-TrainingData\gac\014__[gac][nod][cou_fol]0770__1.wav,Acoustic Guitar,1
[gac][jaz_blu]0539__3,[gac][jaz_blu]0539__3,IRMAS-TrainingData\gac\[gac][jaz_blu]0539__3.wav,Acoustic Guitar,1
[gac][pop_roc]0594__3,[gac][pop_roc]0594__3,IRMAS-TrainingData\gac\[gac][pop_roc]0594__3.wav,Acoustic Guitar,1
[gac][jaz_blu]0549__3,[gac][jaz_blu]0549__3,IRMAS-TrainingData\gac\[gac][jaz_blu]0549__3.wav,Acoustic Guitar,1
[gac][pop_roc]0701__3,[gac][pop_roc]0701__3,IRMAS-TrainingData\gac\[gac][pop_roc]0701__3.wav,Acoustic Guitar,1
[gac][pop_roc]0556__3,[gac][pop_roc]0556__3,IRMAS-TrainingData\gac\[gac][pop_roc]0556__3.wav,Acoustic Guitar,1
[gac][pop_roc]0564__3,[gac][pop_roc]0564__3,IRMAS-TrainingData\gac\[gac][pop_roc]0564__3.wav,Acoustic Guitar,1
[gac][pop_roc]0564__1,[gac][pop_roc]0564__1,IRMAS-TrainingData\gac\[gac][pop_roc]0564__1.wav,Acoustic Guitar,1
[gac][pop_roc]0522__3,[gac][pop_roc]0522__3,IRMAS-TrainingData\gac\[gac][pop_roc]0522__3.wav,Acoustic Guitar,1
[gac][cla]0527__1,[gac][cla]0527__1,IRMAS-TrainingData\gac\[gac][cla]0527__1.wav,Acoustic Guitar,1
[gac][cla]0608__3,[gac][cla]0608__3,IRMAS-TrainingData\gac\[gac][cla]0608__3.wav,Acoustic Guitar,1
[gac][cla]0659__2,[gac][cla]0659__2,IRMAS-TrainingData\gac\[gac][cla]0659__2.wav,Acoustic Guitar,1
[gac][pop_roc]0655__2,[gac][pop_roc]0655__2,IRMAS-TrainingData\gac\[gac][pop_roc]0655__2.wav,Acoustic Guitar,1
[gac][pop_roc]0684__2,[gac][pop_roc]0684__2,IRMAS-TrainingData\gac\[gac][pop_roc]0684__2.wav,Acoustic Guitar,1
[gac][pop_roc]0647__3,[gac][pop_roc]0647__3,IRMAS-TrainingData\gac\[gac][pop_roc]0647__3.wav,Acoustic Guitar,1
[gac][jaz_blu]0637__3,[gac][jaz_blu]0637__3,IRMAS-TrainingData\gac\[gac][jaz_blu]0637__3.wav,Acoustic Guitar,1
[gac][pop_roc]0737__3,[gac][pop_roc]0737__3,IRMAS-TrainingData\gac\[gac][pop_roc]0737__3.wav,Acoustic Guitar,1
[gac][pop_roc]0521__2,[gac][pop_roc]0521__2,IRMAS-TrainingData\gac\[gac][pop_roc]0521__2.wav,Acoustic Guitar,1
[gac][pop_roc]0614__1,[gac][pop_roc]0614__1,IRMAS-TrainingData\gac\[gac][pop_roc]0614__1.wav,Acoustic Guitar,1
168__[gac][dru][cou_fol]0674__3,168__[gac][dru][cou_fol]0674__3,IRMAS-TrainingData\gac\168__[gac][dru][cou_fol]0674__3.wav,Acoustic Guitar,1
[gac][pop_roc]0622__1,[gac][pop_roc]0622__1,IRMAS-TrainingData\gac\[gac][pop_roc]0622__1.wav,Acoustic Guitar,1
[gac][cla]0575__3,[gac][cla]0575__3,IRMAS-TrainingData\gac\[gac][cla]0575__3.wav,Acoustic Guitar,1
[gac][jaz_blu]0536__2,[gac][jaz_blu]0536__2,IRMAS-TrainingData\gac\[gac][jaz_blu]0536__2.wav,Acoustic Guitar,1
[gac][pop_roc]0687__1,[gac][pop_roc]0687__1,IRMAS-TrainingData\gac\[gac][pop_roc]0687__1.wav,Acoustic Guitar,1
[gac][pop_roc]0696__1,[gac][pop_roc]0696__1,IRMAS-TrainingData\gac\[gac][pop_roc]0696__1.wav,Acoustic Guitar,1
[gac][pop_roc]0733__1,[gac][pop_roc]0733__1,IRMAS-TrainingData\gac\[gac][pop_roc]0733__1.wav,Acoustic Guitar,1
[gac][cla]0588__2,[gac][cla]0588__2,IRMAS-TrainingData\gac\[gac][cla]0588__2.wav,Acoustic Guitar,1
[gac][cla]0633__3,[gac][cla]0633__3,IRMAS-TrainingData\gac\[gac][cla]0633__3.wav,Acoustic Guitar,1
[gac][pop_roc]0545__3,[gac][pop_roc]0545__3,IRMAS-TrainingData\gac\[gac][pop_roc]0545__3.wav,Acoustic Guitar,1
[gac][pop_roc]0692__1,[gac][pop_roc]0692__1,IRMAS-TrainingData\gac\[gac][pop_roc]0692__1.wav,Acoustic Guitar,1
[gac][pop_roc]0697__1,[gac][pop_roc]0697__1,IRMAS-TrainingData\gac\[gac][pop_roc]0697__1.wav,Acoustic Guitar,1
170__[gac][nod][pop_roc]0628__2,170__[gac][nod][pop_roc]0628__2,IRMAS-TrainingData\gac\170__[gac][nod][pop_roc]0628__2.wav,Acoustic Guitar,1
[gac][pop_roc]0669__1,[gac][pop_roc]0669__1,IRMAS-TrainingData\gac\[gac][pop_roc]0669__1.wav,Acoustic Guitar,1
[gac][pop_roc]0689__1,[gac][pop_roc]0689__1,IRMAS-TrainingData\gac\[gac][pop_roc]0689__1.wav,Acoustic Guitar,1
[gac][pop_roc]0618__1,[gac][pop_roc]0618__1,IRMAS-TrainingData\gac\[gac][pop_roc]0618__1.wav,Acoustic Guitar,1
[gac][cla]0615__2,[gac][cla]0615__2,IRMAS-TrainingData\gac\[gac][cla]0615__2.wav,Acoustic Guitar,1
[gac][pop_roc]0525__3,[gac][pop_roc]0525__3,IRMAS-TrainingData\gac\[gac][pop_roc]0525__3.wav,Acoustic Guitar,1
[gac][pop_roc]0567__1,[gac][pop_roc]0567__1,IRMAS-TrainingData\gac\[gac][pop_roc]0567__1.wav,Acoustic Guitar,1
202__[gac][dru][cou_fol]0673__2,202__[gac][dru][cou_fol]0673__2,IRMAS-TrainingData\gac\202__[gac][dru][cou_fol]0673__2.wav,Acoustic Guitar,1
[gac][pop_roc]0690__3,[gac][pop_roc]0690__3,IRMAS-TrainingData\gac\[gac][pop_roc]0690__3.wav,Acoustic Guitar,1
[gac][pop_roc]0706__2,[gac][pop_roc]0706__2,IRMAS-TrainingData\gac\[gac][pop_roc]0706__2.wav,Acoustic Guitar,1
[gac][cla]0579__1,[gac][cla]0579__1,IRMAS-TrainingData\gac\[gac][cla]0579__1.wav,Acoustic Guitar,1
[gac][cla]0634__1,[gac][cla]0634__1,IRMAS-TrainingData\gac\[gac][cla]0634__1.wav,Acoustic Guitar,1
[gac][jaz_blu]0566__2,[gac][jaz_blu]0566__2,IRMAS-TrainingData\gac\[gac][jaz_blu]0566__2.wav,Acoustic Guitar,1
[gac][pop_roc]0627__1,[gac][pop_roc]0627__1,IRMAS-TrainingData\gac\[gac][pop_roc]0627__1.wav,Acoustic Guitar,1
[gac][cla]0579__2,[gac][cla]0579__2,IRMAS-TrainingData\gac\[gac][cla]0579__2.wav,Acoustic Guitar,1
[gac][cla]0563__2,[gac][cla]0563__2,IRMAS-TrainingData\gac\[gac][cla]0563__2.wav,Acoustic Guitar,1
[gac][cla]0529__2,[gac][cla]0529__2,IRMAS-TrainingData\gac\[gac][cla]0529__2.wav,Acoustic Guitar,1
[gac][pop_roc]0618__3,[gac][pop_roc]0618__3,IRMAS-TrainingData\gac\[gac][pop_roc]0618__3.wav,Acoustic Guitar,1
[gac][pop_roc]0642__3,[gac][pop_roc]0642__3,IRMAS-TrainingData\gac\[gac][pop_roc]0642__3.wav,Acoustic Guitar,1
[gac][jaz_blu]0593__1,[gac][jaz_blu]0593__1,IRMAS-TrainingData\gac\[gac][jaz_blu]0593__1.wav,Acoustic Guitar,1
[gac][pop_roc]0630__3,[gac][pop_roc]0630__3,IRMAS-TrainingData\gac\[gac][pop_roc]0630__3.wav,Acoustic Guitar,1
[gac][pop_roc]0520__1,[gac][pop_roc]0520__1,IRMAS-TrainingData\gac\[gac][pop_roc]0520__1.wav,Acoustic Guitar,1
[gac][cla]0586__2,[gac][cla]0586__2,IRMAS-TrainingData\gac\[gac][cla]0586__2.wav,Acoustic Guitar,1
[gac][cla]0666__2,[gac][cla]0666__2,IRMAS-TrainingData\gac\[gac][cla]0666__2.wav,Acoustic Guitar,1
[gac][cla]0662__2,[gac][cla]0662__2,IRMAS-TrainingData\gac\[gac][cla]0662__2.wav,Acoustic Guitar,1
[gac][pop_roc]0580__1,[gac][pop_roc]0580__1,IRMAS-TrainingData\gac\[gac][pop_roc]0580__1.wav,Acoustic Guitar,1
[gac][pop_roc]0525__2,[gac][pop_roc]0525__2,IRMAS-TrainingData\gac\[gac][pop_roc]0525__2.wav,Acoustic Guitar,1
[gac][pop_roc]0702__1,[gac][pop_roc]0702__1,IRMAS-TrainingData\gac\[gac][pop_roc]0702__1.wav,Acoustic Guitar,1
[gac][pop_roc]0630__2,[gac][pop_roc]0630__2,IRMAS-TrainingData\gac\[gac][pop_roc]0630__2.wav,Acoustic Guitar,1
[gac][pop_roc]0686__2,[gac][pop_roc]0686__2,IRMAS-TrainingData\gac\[gac][pop_roc]0686__2.wav,Acoustic Guitar,1
[gac][pop_roc]0560__3,[gac][pop_roc]0560__3,IRMAS-TrainingData\gac\[gac][pop_roc]0560__3.wav,Acoustic Guitar,1
200__[gac][nod][cou_fol]0714__2,200__[gac][nod][cou_fol]0714__2,IRMAS-TrainingData\gac\200__[gac][nod][cou_fol]0714__2.wav,Acoustic Guitar,1
[gac][pop_roc]0669__2,[gac][pop_roc]0669__2,IRMAS-TrainingData\gac\[gac][pop_roc]0669__2.wav,Acoustic Guitar,1
133__[gac][dru][jaz_blu]0808__1,133__[gac][dru][jaz_blu]0808__1,IRMAS-TrainingData\gac\133__[gac][dru][jaz_blu]0808__1.wav,Acoustic Guitar,1
[gac][cla]0563__1,[gac][cla]0563__1,IRMAS-TrainingData\gac\[gac][cla]0563__1.wav,Acoustic Guitar,1
[gac][jaz_blu]0538__3,[gac][jaz_blu]0538__3,IRMAS-TrainingData\gac\[gac][jaz_blu]0538__3.wav,Acoustic Guitar,1
[gac][pop_roc]0616__3,[gac][pop_roc]0616__3,IRMAS-TrainingData\gac\[gac][pop_roc]0616__3.wav,Acoustic Guitar,1
[gac][jaz_blu]0639__2,[gac][jaz_blu]0639__2,IRMAS-TrainingData\gac\[gac][jaz_blu]0639__2.wav,Acoustic Guitar,1
[gac][jaz_blu]0637__1,[gac][jaz_blu]0637__1,IRMAS-TrainingData\gac\[gac][jaz_blu]0637__1.wav,Acoustic Guitar,1
[gac][cla]0590__3,[gac][cla]0590__3,IRMAS-TrainingData\gac\[gac][cla]0590__3.wav,Acoustic Guitar,1
137__[gac][nod][cou_fol]0717__2,137__[gac][nod][cou_fol]0717__2,IRMAS-TrainingData\gac\137__[gac][nod][cou_fol]0717__2.wav,Acoustic Guitar,1
[gac][pop_roc]0567__2,[gac][pop_roc]0567__2,IRMAS-TrainingData\gac\[gac][pop_roc]0567__2.wav,Acoustic Guitar,1
[gac][cla]0542__3,[gac][cla]0542__3,IRMAS-TrainingData\gac\[gac][cla]0542__3.wav,Acoustic Guitar,1
[gac][pop_roc]0525__1,[gac][pop_roc]0525__1,IRMAS-TrainingData\gac\[gac][pop_roc]0525__1.wav,Acoustic Guitar,1
[gac][pop_roc]0697__2,[gac][pop_roc]0697__2,IRMAS-TrainingData\gac\[gac][pop_roc]0697__2.wav,Acoustic Guitar,1
[gac][cla]0540__1,[gac][cla]0540__1,IRMAS-TrainingData\gac\[gac][cla]0540__1.wav,Acoustic Guitar,1
[gac][cla]0527__2,[gac][cla]0527__2,IRMAS-TrainingData\gac\[gac][cla]0527__2.wav,Acoustic Guitar,1
[gac][pop_roc]0722__1,[gac][pop_roc]0722__1,IRMAS-TrainingData\gac\[gac][pop_roc]0722__1.wav,Acoustic Guitar,1
[gac][pop_roc]0669__3,[gac][pop_roc]0669__3,IRMAS-TrainingData\gac\[gac][pop_roc]0669__3.wav,Acoustic Guitar,1
068__[gac][nod][cou_fol]0774__1,068__[gac][nod][cou_fol]0774__1,IRMAS-TrainingData\gac\068__[gac][nod][cou_fol]0774__1.wav,Acoustic Guitar,1
[gac][cla]0551__2,[gac][cla]0551__2,IRMAS-TrainingData\gac\[gac][cla]0551__2.wav,Acoustic Guitar,1
[gac][jaz_blu]0523__1,[gac][jaz_blu]0523__1,IRMAS-TrainingData\gac\[gac][jaz_blu]0523__1.wav,Acoustic Guitar,1
[gac][jaz_blu]0613__2,[gac][jaz_blu]0613__2,IRMAS-TrainingData\gac\[gac][jaz_blu]0613__2.wav,Acoustic Guitar,1
110__[gac][nod][cou_fol]0771__3,110__[gac][nod][cou_fol]0771__3,IRMAS-TrainingData\gac\110__[gac][nod][cou_fol]0771__3.wav,Acoustic Guitar,1
[gac][cla]0664__3,[gac][cla]0664__3,IRMAS-TrainingData\gac\[gac][cla]0664__3.wav,Acoustic Guitar,1
[gac][cla]0635__3,[gac][cla]0635__3,IRMAS-TrainingData\gac\[gac][cla]0635__3.wav,Acoustic Guitar,1
[gac][jaz_blu]0638__3,[gac][jaz_blu]0638__3,IRMAS-TrainingData\gac\[gac][jaz_blu]0638__3.wav,Acoustic Guitar,1
[gac][jaz_blu]0587__2,[gac][jaz_blu]0587__2,IRMAS-TrainingData\gac\[gac][jaz_blu]0587__2.wav,Acoustic Guitar,1
[gac][cla]0526__3,[gac][cla]0526__3,IRMAS-TrainingData\gac\[gac][cla]0526__3.wav,Acoustic Guitar,1
[gac][pop_roc]0606__1,[gac][pop_roc]0606__1,IRMAS-TrainingData\gac\[gac][pop_roc]0606__1.wav,Acoustic Guitar,1
[gac][cla]0619__1,[gac][cla]0619__1,IRMAS-TrainingData\gac\[gac][cla]0619__1.wav,Acoustic Guitar,1
[gac][jaz_blu]0532__2,[gac][jaz_blu]0532__2,IRMAS-TrainingData\gac\[gac][jaz_blu]0532__2.wav,Acoustic Guitar,1
[gac][pop_roc]0652__1,[gac][pop_roc]0652__1,IRMAS-TrainingData\gac\[gac][pop_roc]0652__1.wav,Acoustic Guitar,1
[gac][cla]0551__1,[gac][cla]0551__1,IRMAS-TrainingData\gac\[gac][cla]0551__1.wav,Acoustic Guitar,1
[gac][pop_roc]0736__2,[gac][pop_roc]0736__2,IRMAS-TrainingData\gac\[gac][pop_roc]0736__2.wav,Acoustic Guitar,1
[gac][pop_roc]0584__1,[gac][pop_roc]0584__1,IRMAS-TrainingData\gac\[gac][pop_roc]0584__1.wav,Acoustic Guitar,1
[gac][pop_roc]0537__3,[gac][pop_roc]0537__3,IRMAS-TrainingData\gac\[gac][pop_roc]0537__3.wav,Acoustic Guitar,1
014__[gac][nod][cou_fol]0770__3,014__[gac][nod][cou_fol]0770__3,IRMAS-TrainingData\gac\014__[gac][nod][cou_fol]0770__3.wav,Acoustic Guitar,1
154__[gac][nod][cou_fol]0765__3,154__[gac][nod][cou_fol]0765__3,IRMAS-TrainingData\gac\154__[gac][nod][cou_fol]0765__3.wav,Acoustic Guitar,1
[gac][cla]0658__2,[gac][cla]0658__2,IRMAS-TrainingData\gac\[gac][cla]0658__2.wav,Acoustic Guitar,1
[gac][cla]0533__1,[gac][cla]0533__1,IRMAS-TrainingData\gac\[gac][cla]0533__1.wav,Acoustic Guitar,1
202__[gac][dru][cou_fol]0673__3,202__[gac][dru][cou_fol]0673__3,IRMAS-TrainingData\gac\202__[gac][dru][cou_fol]0673__3.wav,Acoustic Guitar,1
[gac][jaz_blu]0539__2,[gac][jaz_blu]0539__2,IRMAS-TrainingData\gac\[gac][jaz_blu]0539__2.wav,Acoustic Guitar,1
[gac][cla]0666__1,[gac][cla]0666__1,IRMAS-TrainingData\gac\[gac][cla]0666__1.wav,Acoustic Guitar,1
[gac][pop_roc]0685__1,[gac][pop_roc]0685__1,IRMAS-TrainingData\gac\[gac][pop_roc]0685__1.wav,Acoustic Guitar,1
[gac][jaz_blu]0574__1,[gac][jaz_blu]0574__1,IRMAS-TrainingData\gac\[gac][jaz_blu]0574__1.wav,Acoustic Guitar,1
[gac][cla]0552__1,[gac][cla]0552__1,IRMAS-TrainingData\gac\[gac][cla]0552__1.wav,Acoustic Guitar,1
168__[gac][dru][cou_fol]0674__2,168__[gac][dru][cou_fol]0674__2,IRMAS-TrainingData\gac\168__[gac][dru][cou_fol]0674__2.wav,Acoustic Guitar,1
[gac][pop_roc]0557__3,[gac][pop_roc]0557__3,IRMAS-TrainingData\gac\[gac][pop_roc]0557__3.wav,Acoustic Guitar,1
174__[gac][nod][cou_fol]0716__2,174__[gac][nod][cou_fol]0716__2,IRMAS-TrainingData\gac\174__[gac][nod][cou_fol]0716__2.wav,Acoustic Guitar,1
[gac][pop_roc]0546__3,[gac][pop_roc]0546__3,IRMAS-TrainingData\gac\[gac][pop_roc]0546__3.wav,Acoustic Guitar,1
[gac][pop_roc]0611__2,[gac][pop_roc]0611__2,IRMAS-TrainingData\gac\[gac][pop_roc]0611__2.wav,Acoustic Guitar,1
[gac][pop_roc]0720__3,[gac][pop_roc]0720__3,IRMAS-TrainingData\gac\[gac][pop_roc]0720__3.wav,Acoustic Guitar,1
[gac][jaz_blu]0574__2,[gac][jaz_blu]0574__2,IRMAS-TrainingData\gac\[gac][jaz_blu]0574__2.wav,Acoustic Guitar,1
[gac][jaz_blu]0598__3,[gac][jaz_blu]0598__3,IRMAS-TrainingData\gac\[gac][jaz_blu]0598__3.wav,Acoustic Guitar,1
[gac][cla]0585__3,[gac][cla]0585__3,IRMAS-TrainingData\gac\[gac][cla]0585__3.wav,Acoustic Guitar,1
[gac][pop_roc]0578__3,[gac][pop_roc]0578__3,IRMAS-TrainingData\gac\[gac][pop_roc]0578__3.wav,Acoustic Guitar,1
[gac][jaz_blu]0613__3,[gac][jaz_blu]0613__3,IRMAS-TrainingData\gac\[gac][jaz_blu]0613__3.wav,Acoustic Guitar,1
[gac][jaz_blu]0536__1,[gac][jaz_blu]0536__1,IRMAS-TrainingData\gac\[gac][jaz_blu]0536__1.wav,Acoustic Guitar,1
[vio][jaz_blu]2273__3,[vio][jaz_blu]2273__3,IRMAS-TrainingData\vio\[vio][jaz_blu]2273__3.wav,Violin,2
[vio][pop_roc]2252__2,[vio][pop_roc]2252__2,IRMAS-TrainingData\vio\[vio][pop_roc]2252__2.wav,Violin,2
[vio][pop_roc]2101__2,[vio][pop_roc]2101__2,IRMAS-TrainingData\vio\[vio][pop_roc]2101__2.wav,Violin,2
171__[vio][nod][cou_fol]2195__2,171__[vio][nod][cou_fol]2195__2,IRMAS-TrainingData\vio\171__[vio][nod][cou_fol]2195__2.wav,Violin,2
[vio][pop_roc]2128__2,[vio][pop_roc]2128__2,IRMAS-TrainingData\vio\[vio][pop_roc]2128__2.wav,Violin,2
[vio][pop_roc]2105__3,[vio][pop_roc]2105__3,IRMAS-TrainingData\vio\[vio][pop_roc]2105__3.wav,Violin,2
[vio][cla]2265__1,[vio][cla]2265__1,IRMAS-TrainingData\vio\[vio][cla]2265__1.wav,Violin,2
[vio][cla]2260__1,[vio][cla]2260__1,IRMAS-TrainingData\vio\[vio][cla]2260__1.wav,Violin,2
[vio][cla]2278__1,[vio][cla]2278__1,IRMAS-TrainingData\vio\[vio][cla]2278__1.wav,Violin,2
[vio][pop_roc]2208__1,[vio][pop_roc]2208__1,IRMAS-TrainingData\vio\[vio][pop_roc]2208__1.wav,Violin,2
[vio][pop_roc]2131__3,[vio][pop_roc]2131__3,IRMAS-TrainingData\vio\[vio][pop_roc]2131__3.wav,Violin,2
[vio][cla]2256__3,[vio][cla]2256__3,IRMAS-TrainingData\vio\[vio][cla]2256__3.wav,Violin,2
[vio][cla]2277__2,[vio][cla]2277__2,IRMAS-TrainingData\vio\[vio][cla]2277__2.wav,Violin,2
[vio][pop_roc]2099__2,[vio][pop_roc]2099__2,IRMAS-TrainingData\vio\[vio][pop_roc]2099__2.wav,Violin,2
099__[vio][nod][cla]2172__3,099__[vio][nod][cla]2172__3,IRMAS-TrainingData\vio\099__[vio][nod][cla]2172__3.wav,Violin,2
[vio][cla]2283__2,[vio][cla]2283__2,IRMAS-TrainingData\vio\[vio][cla]2283__2.wav,Violin,2
[vio][cla]2255__1,[vio][cla]2255__1,IRMAS-TrainingData\vio\[vio][cla]2255__1.wav,Violin,2
[vio][cla]2272__2,[vio][cla]2272__2,IRMAS-TrainingData\vio\[vio][cla]2272__2.wav,Violin,2
[vio][jaz_blu]2116__2,[vio][jaz_blu]2116__2,IRMAS-TrainingData\vio\[vio][jaz_blu]2116__2.wav,Violin,2
[vio][jaz_blu]2106__1,[vio][jaz_blu]2106__1,IRMAS-TrainingData\vio\[vio][jaz_blu]2106__1.wav,Violin,2
[vio][pop_roc]2249__3,[vio][pop_roc]2249__3,IRMAS-TrainingData\vio\[vio][pop_roc]2249__3.wav,Violin,2
100__[vio][nod][cla]2183__3,100__[vio][nod][cla]2183__3,IRMAS-TrainingData\vio\100__[vio][nod][cla]2183__3.wav,Violin,2
137__[vio][nod][cou_fol]2190__2,137__[vio][nod][cou_fol]2190__2,IRMAS-TrainingData\vio\137__[vio][nod][cou_fol]2190__2.wav,Violin,2
153__[vio][nod][cla]2152__3,153__[vio][nod][cla]2152__3,IRMAS-TrainingData\vio\153__[vio][nod][cla]2152__3.wav,Violin,2
[vio][cla]2223__2,[vio][cla]2223__2,IRMAS-TrainingData\vio\[vio][cla]2223__2.wav,Violin,2
[vio][jaz_blu]2232__1,[vio][jaz_blu]2232__1,IRMAS-TrainingData\vio\[vio][jaz_blu]2232__1.wav,Violin,2
155__[vio][nod][cla]2171__2,155__[vio][nod][cla]2171__2,IRMAS-TrainingData\vio\155__[vio][nod][cla]2171__2.wav,Violin,2
[vio][cla]2215__3,[vio][cla]2215__3,IRMAS-TrainingData\vio\[vio][cla]2215__3.wav,Violin,2
084__[vio][nod][cla]2149__1,084__[vio][nod][cla]2149__1,IRMAS-TrainingData\vio\084__[vio][nod][cla]2149__1.wav,Violin,2
[vio][jaz_blu]2242__3,[vio][jaz_blu]2242__3,IRMAS-TrainingData\vio\[vio][jaz_blu]2242__3.wav,Violin,2
[vio][jaz_blu]2240__2,[vio][jaz_blu]2240__2,IRMAS-TrainingData\vio\[vio][jaz_blu]2240__2.wav,Violin,2
[vio][jaz_blu]2109__3,[vio][jaz_blu]2109__3,IRMAS-TrainingData\vio\[vio][jaz_blu]2109__3.wav,Violin,2
[vio][pop_roc]2123__2,[vio][pop_roc]2123__2,IRMAS-TrainingData\vio\[vio][pop_roc]2123__2.wav,Violin,2
[vio][jaz_blu]2261__1,[vio][jaz_blu]2261__1,IRMAS-TrainingData\vio\[vio][jaz_blu]2261__1.wav,Violin,2
083__[vio][dru][pop_roc]2200__2,083__[vio][dru][pop_roc]2200__2,IRMAS-TrainingData\vio\083__[vio][dru][pop_roc]2200__2.wav,Violin,2
[vio][cla]2212__3,[vio][cla]2212__3,IRMAS-TrainingData\vio\[vio][cla]2212__3.wav,Violin,2
[vio][jaz_blu]2266__3,[vio][jaz_blu]2266__3,IRMAS-TrainingData\vio\[vio][jaz_blu]2266__3.wav,Violin,2
[vio][jaz_blu]2234__1,[vio][jaz_blu]2234__1,IRMAS-TrainingData\vio\[vio][jaz_blu]2234__1.wav,Violin,2
018__[vio][nod][cla]2160__3,018__[vio][nod][cla]2160__3,IRMAS-TrainingData\vio\018__[vio][nod][cla]2160__3.wav,Violin,2
[vio][jaz_blu]2231__1,[vio][jaz_blu]2231__1,IRMAS-TrainingData\vio\[vio][jaz_blu]2231__1.wav,Violin,2
[vio][pop_roc]2129__1,[vio][pop_roc]2129__1,IRMAS-TrainingData\vio\[vio][pop_roc]2129__1.wav,Violin,2
009__[vio][nod][cla]2178__1,009__[vio][nod][cla]2178__1,IRMAS-TrainingData\vio\009__[vio][nod][cla]2178__1.wav,Violin,2
[vio][jaz_blu]2133__1,[vio][jaz_blu]2133__1,IRMAS-TrainingData\vio\[vio][jaz_blu]2133__1.wav,Violin,2
[vio][jaz_blu]2090__3,[vio][jaz_blu]2090__3,IRMAS-TrainingData\vio\[vio][jaz_blu]2090__3.wav,Violin,2
[vio][jaz_blu]2234__2,[vio][jaz_blu]2234__2,IRMAS-TrainingData\vio\[vio][jaz_blu]2234__2.wav,Violin,2
[vio][jaz_blu]2266__2,[vio][jaz_blu]2266__2,IRMAS-TrainingData\vio\[vio][jaz_blu]2266__2.wav,Violin,2
[vio][cla]2217__3,[vio][cla]2217__3,IRMAS-TrainingData\vio\[vio][cla]2217__3.wav,Violin,2
[vio][pop_roc]2139__3,[vio][pop_roc]2139__3,IRMAS-TrainingData\vio\[vio][pop_roc]2139__3.wav,Violin,2
[vio][cla]2217__2,[vio][cla]2217__2,IRMAS-TrainingData\vio\[vio][cla]2217__2.wav,Violin,2
[vio][cla]2272__3,[vio][cla]2272__3,IRMAS-TrainingData\vio\[vio][cla]2272__3.wav,Violin,2
[vio][pop_roc]2096__1,[vio][pop_roc]2096__1,IRMAS-TrainingData\vio\[vio][pop_roc]2096__1.wav,Violin,2
[vio][pop_roc]2139__1,[vio][pop_roc]2139__1,IRMAS-TrainingData\vio\[vio][pop_roc]2139__1.wav,Violin,2
027__[vio][dru][cou_fol]2189__3,027__[vio][dru][cou_fol]2189__3,IRMAS-TrainingData\vio\027__[vio][dru][cou_fol]2189__3.wav,Violin,2
[vio][pop_roc]2246__1,[vio][pop_roc]2246__1,IRMAS-TrainingData\vio\[vio][pop_roc]2246__1.wav,Violin,2
[vio][jaz_blu]2116__3,[vio][jaz_blu]2116__3,IRMAS-TrainingData\vio\[vio][jaz_blu]2116__3.wav,Violin,2
[vio][jaz_blu]2239__2,[vio][jaz_blu]2239__2,IRMAS-TrainingData\vio\[vio][jaz_blu]2239__2.wav,Violin,2
178__[vio][nod][cou_fol]2196__3,178__[vio][nod][cou_fol]2196__3,IRMAS-TrainingData\vio\178__[vio][nod][cou_fol]2196__3.wav,Violin,2
[vio][pop_roc]2123__3,[vio][pop_roc]2123__3,IRMAS-TrainingData\vio\[vio][pop_roc]2123__3.wav,Violin,2
130__[vio][nod][cla]2154__3,130__[vio][nod][cla]2154__3,IRMAS-TrainingData\vio\130__[vio][nod][cla]2154__3.wav,Violin,2
027__[vio][dru][cou_fol]2189__1,027__[vio][dru][cou_fol]2189__1,IRMAS-TrainingData\vio\027__[vio][dru][cou_fol]2189__1.wav,Violin,2
[vio][jaz_blu]2235__3,[vio][jaz_blu]2235__3,IRMAS-TrainingData\vio\[vio][jaz_blu]2235__3.wav,Violin,2
[vio][pop_roc]2202__3,[vio][pop_roc]2202__3,IRMAS-TrainingData\vio\[vio][pop_roc]2202__3.wav,Violin,2
103__[vio][nod][cla]2175__3,103__[vio][nod][cla]2175__3,IRMAS-TrainingData\vio\103__[vio][nod][cla]2175__3.wav,Violin,2
[vio][jaz_blu]2281__2,[vio][jaz_blu]2281__2,IRMAS-TrainingData\vio\[vio][jaz_blu]2281__2.wav,Violin,2
135__[vio][nod][cou_fol]2199__2,135__[vio][nod][cou_fol]2199__2,IRMAS-TrainingData\vio\135__[vio][nod][cou_fol]2199__2.wav,Violin,2
[vio][pop_roc]2120__3,[vio][pop_roc]2120__3,IRMAS-TrainingData\vio\[vio][pop_roc]2120__3.wav,Violin,2
[vio][cla]2103__2,[vio][cla]2103__2,IRMAS-TrainingData\vio\[vio][cla]2103__2.wav,Violin,2
072__[vio][dru][cou_fol]2188__2,072__[vio][dru][cou_fol]2188__2,IRMAS-TrainingData\vio\072__[vio][dru][cou_fol]2188__2.wav,Violin,2
[vio][cla]2265__2,[vio][cla]2265__2,IRMAS-TrainingData\vio\[vio][cla]2265__2.wav,Violin,2
[vio][cla]2122__1,[vio][cla]2122__1,IRMAS-TrainingData\vio\[vio][cla]2122__1.wav,Violin,2
178__[vio][nod][cou_fol]2196__1,178__[vio][nod][cou_fol]2196__1,IRMAS-TrainingData\vio\178__[vio][nod][cou_fol]2196__1.wav,Violin,2
120__[vio][nod][cla]2181__2,120__[vio][nod][cla]2181__2,IRMAS-TrainingData\vio\120__[vio][nod][cla]2181__2.wav,Violin,2
[vio][cla]2222__1,[vio][cla]2222__1,IRMAS-TrainingData\vio\[vio][cla]2222__1.wav,Violin,2
[vio][pop_roc]2144__1,[vio][pop_roc]2144__1,IRMAS-TrainingData\vio\[vio][pop_roc]2144__1.wav,Violin,2
180__[vio][nod][cla]2211__3,180__[vio][nod][cla]2211__3,IRMAS-TrainingData\vio\180__[vio][nod][cla]2211__3.wav,Violin,2
[vio][pop_roc]2245__2,[vio][pop_roc]2245__2,IRMAS-TrainingData\vio\[vio][pop_roc]2245__2.wav,Violin,2
[vio][pop_roc]2254__1,[vio][pop_roc]2254__1,IRMAS-TrainingData\vio\[vio][pop_roc]2254__1.wav,Violin,2
[vio][pop_roc]2144__2,[vio][pop_roc]2144__2,IRMAS-TrainingData\vio\[vio][pop_roc]2144__2.wav,Violin,2
137__[vio][nod][cou_fol]2190__3,137__[vio][nod][cou_fol]2190__3,IRMAS-TrainingData\vio\137__[vio][nod][cou_fol]2190__3.wav,Violin,2
[vio][jaz_blu]2228__3,[vio][jaz_blu]2228__3,IRMAS-TrainingData\vio\[vio][jaz_blu]2228__3.wav,Violin,2
[vio][pop_roc]2128__3,[vio][pop_roc]2128__3,IRMAS-TrainingData\vio\[vio][pop_roc]2128__3.wav,Violin,2
[vio][pop_roc]2247__2,[vio][pop_roc]2247__2,IRMAS-TrainingData\vio\[vio][pop_roc]2247__2.wav,Violin,2
[vio][cla]2214__2,[vio][cla]2214__2,IRMAS-TrainingData\vio\[vio][cla]2214__2.wav,Violin,2
130__[vio][nod][cla]2154__2,130__[vio][nod][cla]2154__2,IRMAS-TrainingData\vio\130__[vio][nod][cla]2154__2.wav,Violin,2
[vio][jaz_blu]2261__3,[vio][jaz_blu]2261__3,IRMAS-TrainingData\vio\[vio][jaz_blu]2261__3.wav,Violin,2
045__[vio][nod][cla]2173__3,045__[vio][nod][cla]2173__3,IRMAS-TrainingData\vio\045__[vio][nod][cla]2173__3.wav,Violin,2
[vio][pop_roc]2253__1,[vio][pop_roc]2253__1,IRMAS-TrainingData\vio\[vio][pop_roc]2253__1.wav,Violin,2
012__[vio][nod][cla]2163__1,012__[vio][nod][cla]2163__1,IRMAS-TrainingData\vio\012__[vio][nod][cla]2163__1.wav,Violin,2
[vio][jaz_blu]2228__1,[vio][jaz_blu]2228__1,IRMAS-TrainingData\vio\[vio][jaz_blu]2228__1.wav,Violin,2
[vio][cla]2271__3,[vio][cla]2271__3,IRMAS-TrainingData\vio\[vio][cla]2271__3.wav,Violin,2
026__[vio][nod][cla]2148__3,026__[vio][nod][cla]2148__3,IRMAS-TrainingData\vio\026__[vio][nod][cla]2148__3.wav,Violin,2
[vio][pop_roc]2207__3,[vio][pop_roc]2207__3,IRMAS-TrainingData\vio\[vio][pop_roc]2207__3.wav,Violin,2
[vio][cla]2095__1,[vio][cla]2095__1,IRMAS-TrainingData\vio\[vio][cla]2095__1.wav,Violin,2
122__[vio][nod][cla]2176__2,122__[vio][nod][cla]2176__2,IRMAS-TrainingData\vio\122__[vio][nod][cla]2176__2.wav,Violin,2
[vio][jaz_blu]2107__3,[vio][jaz_blu]2107__3,IRMAS-TrainingData\vio\[vio][jaz_blu]2107__3.wav,Violin,2
042__[vio][nod][cla]1687__3,042__[vio][nod][cla]1687__3,IRMAS-TrainingData\vio\042__[vio][nod][cla]1687__3.wav,Violin,2
[vio][pop_roc]2208__3,[vio][pop_roc]2208__3,IRMAS-TrainingData\vio\[vio][pop_roc]2208__3.wav,Violin,2
[vio][jaz_blu]2108__1,[vio][jaz_blu]2108__1,IRMAS-TrainingData\vio\[vio][jaz_blu]2108__1.wav,Violin,2
[vio][pop_roc]2245__3,[vio][pop_roc]2245__3,IRMAS-TrainingData\vio\[vio][pop_roc]2245__3.wav,Violin,2
[vio][jaz_blu]2229__1,[vio][jaz_blu]2229__1,IRMAS-TrainingData\vio\[vio][jaz_blu]2229__1.wav,Violin,2
017__[vio][nod][cla]2153__1,017__[vio][nod][cla]2153__1,IRMAS-TrainingData\vio\017__[vio][nod][cla]2153__1.wav,Violin,2
128__[vio][nod][cou_fol]2197__2,128__[vio][nod][cou_fol]2197__2,IRMAS-TrainingData\vio\128__[vio][nod][cou_fol]2197__2.wav,Violin,2
115__[vio][nod][cla]2150__2,115__[vio][nod][cla]2150__2,IRMAS-TrainingData\vio\115__[vio][nod][cla]2150__2.wav,Violin,2
[vio][pop_roc]2208__2,[vio][pop_roc]2208__2,IRMAS-TrainingData\vio\[vio][pop_roc]2208__2.wav,Violin,2
012__[vio][nod][cla]2163__2,012__[vio][nod][cla]2163__2,IRMAS-TrainingData\vio\012__[vio][nod][cla]2163__2.wav,Violin,2
[vio][jaz_blu]2097__1,[vio][jaz_blu]2097__1,IRMAS-TrainingData\vio\[vio][jaz_blu]2097__1.wav,Violin,2
099__[vio][nod][cla]2172__2,099__[vio][nod][cla]2172__2,IRMAS-TrainingData\vio\099__[vio][nod][cla]2172__2.wav,Violin,2
126__[vio][nod][cla]2185__1,126__[vio][nod][cla]2185__1,IRMAS-TrainingData\vio\126__[vio][nod][cla]2185__1.wav,Violin,2
083__[vio][dru][pop_roc]2200__3,083__[vio][dru][pop_roc]2200__3,IRMAS-TrainingData\vio\083__[vio][dru][pop_roc]2200__3.wav,Violin,2
[vio][cla]2256__1,[vio][cla]2256__1,IRMAS-TrainingData\vio\[vio][cla]2256__1.wav,Violin,2
[vio][jaz_blu]2116__1,[vio][jaz_blu]2116__1,IRMAS-TrainingData\vio\[vio][jaz_blu]2116__1.wav,Violin,2
077__[vio][nod][cla]2166__3,077__[vio][nod][cla]2166__3,IRMAS-TrainingData\vio\077__[vio][nod][cla]2166__3.wav,Violin,2
[vio][cla]2280__1,[vio][cla]2280__1,IRMAS-TrainingData\vio\[vio][cla]2280__1.wav,Violin,2
121__[vio][nod][cla]2161__2,121__[vio][nod][cla]2161__2,IRMAS-TrainingData\vio\121__[vio][nod][cla]2161__2.wav,Violin,2
[vio][cla]2225__1,[vio][cla]2225__1,IRMAS-TrainingData\vio\[vio][cla]2225__1.wav,Violin,2
[vio][jaz_blu]2132__2,[vio][jaz_blu]2132__2,IRMAS-TrainingData\vio\[vio][jaz_blu]2132__2.wav,Violin,2
133__[vio][nod][cla]2168__1,133__[vio][nod][cla]2168__1,IRMAS-TrainingData\vio\133__[vio][nod][cla]2168__1.wav,Violin,2
[vio][pop_roc]2250__1,[vio][pop_roc]2250__1,IRMAS-TrainingData\vio\[vio][pop_roc]2250__1.wav,Violin,2
[vio][cla]2111__1,[vio][cla]2111__1,IRMAS-TrainingData\vio\[vio][cla]2111__1.wav,Violin,2
[vio][pop_roc]2146__3,[vio][pop_roc]2146__3,IRMAS-TrainingData\vio\[vio][pop_roc]2146__3.wav,Violin,2
[vio][jaz_blu]2092__2,[vio][jaz_blu]2092__2,IRMAS-TrainingData\vio\[vio][jaz_blu]2092__2.wav,Violin,2
[vio][pop_roc]2105__2,[vio][pop_roc]2105__2,IRMAS-TrainingData\vio\[vio][pop_roc]2105__2.wav,Violin,2
[vio][jaz_blu]2226__3,[vio][jaz_blu]2226__3,IRMAS-TrainingData\vio\[vio][jaz_blu]2226__3.wav,Violin,2
[vio][jaz_blu]2136__2,[vio][jaz_blu]2136__2,IRMAS-TrainingData\vio\[vio][jaz_blu]2136__2.wav,Violin,2
[vio][pop_roc]2118__2,[vio][pop_roc]2118__2,IRMAS-TrainingData\vio\[vio][pop_roc]2118__2.wav,Violin,2
[vio][pop_roc]2204__3,[vio][pop_roc]2204__3,IRMAS-TrainingData\vio\[vio][pop_roc]2204__3.wav,Violin,2
[vio][jaz_blu]2241__1,[vio][jaz_blu]2241__1,IRMAS-TrainingData\vio\[vio][jaz_blu]2241__1.wav,Violin,2
103__[vio][nod][cla]2175__1,103__[vio][nod][cla]2175__1,IRMAS-TrainingData\vio\103__[vio][nod][cla]2175__1.wav,Violin,2
165__[vio][nod][cla]2179__2,165__[vio][nod][cla]2179__2,IRMAS-TrainingData\vio\165__[vio][nod][cla]2179__2.wav,Violin,2
074__[vio][nod][cla]2159__3,074__[vio][nod][cla]2159__3,IRMAS-TrainingData\vio\074__[vio][nod][cla]2159__3.wav,Violin,2
[vio][jaz_blu]2084__3,[vio][jaz_blu]2084__3,IRMAS-TrainingData\vio\[vio][jaz_blu]2084__3.wav,Violin,2
013__[vio][nod][cla]2162__2,013__[vio][nod][cla]2162__2,IRMAS-TrainingData\vio\013__[vio][nod][cla]2162__2.wav,Violin,2
[vio][pop_roc]2099__3,[vio][pop_roc]2099__3,IRMAS-TrainingData\vio\[vio][pop_roc]2099__3.wav,Violin,2
[vio][jaz_blu]2084__1,[vio][jaz_blu]2084__1,IRMAS-TrainingData\vio\[vio][jaz_blu]2084__1.wav,Violin,2
[vio][jaz_blu]2117__2,[vio][jaz_blu]2117__2,IRMAS-TrainingData\vio\[vio][jaz_blu]2117__2.wav,Violin,2
[vio][cla]2112__2,[vio][cla]2112__2,IRMAS-TrainingData\vio\[vio][cla]2112__2.wav,Violin,2
[vio][cla]2210__1,[vio][cla]2210__1,IRMAS-TrainingData\vio\[vio][cla]2210__1.wav,Violin,2
[vio][jaz_blu]2136__1,[vio][jaz_blu]2136__1,IRMAS-TrainingData\vio\[vio][jaz_blu]2136__1.wav,Violin,2
115__[vio][nod][cla]2150__1,115__[vio][nod][cla]2150__1,IRMAS-TrainingData\vio\115__[vio][nod][cla]2150__1.wav,Violin,2
044__[vio][nod][cla]2186__3,044__[vio][nod][cla]2186__3,IRMAS-TrainingData\vio\044__[vio][nod][cla]2186__3.wav,Violin,2
[vio][jaz_blu]2090__1,[vio][jaz_blu]2090__1,IRMAS-TrainingData\vio\[vio][jaz_blu]2090__1.wav,Violin,2
[vio][jaz_blu]2124__3,[vio][jaz_blu]2124__3,IRMAS-TrainingData\vio\[vio][jaz_blu]2124__3.wav,Violin,2
[vio][pop_roc]2139__2,[vio][pop_roc]2139__2,IRMAS-TrainingData\vio\[vio][pop_roc]2139__2.wav,Violin,2
[vio][jaz_blu]2098__1,[vio][jaz_blu]2098__1,IRMAS-TrainingData\vio\[vio][jaz_blu]2098__1.wav,Violin,2
126__[vio][nod][cla]2185__3,126__[vio][nod][cla]2185__3,IRMAS-TrainingData\vio\126__[vio][nod][cla]2185__3.wav,Violin,2
072__[vio][dru][cou_fol]2188__3,072__[vio][dru][cou_fol]2188__3,IRMAS-TrainingData\vio\072__[vio][dru][cou_fol]2188__3.wav,Violin,2
[vio][jaz_blu]2125__3,[vio][jaz_blu]2125__3,IRMAS-TrainingData\vio\[vio][jaz_blu]2125__3.wav,Violin,2
[vio][jaz_blu]2233__1,[vio][jaz_blu]2233__1,IRMAS-TrainingData\vio\[vio][jaz_blu]2233__1.wav,Violin,2
[vio][pop_roc]2250__3,[vio][pop_roc]2250__3,IRMAS-TrainingData\vio\[vio][pop_roc]2250__3.wav,Violin,2
[vio][jaz_blu]2119__3,[vio][jaz_blu]2119__3,IRMAS-TrainingData\vio\[vio][jaz_blu]2119__3.wav,Violin,2
[vio][jaz_blu]2091__2,[vio][jaz_blu]2091__2,IRMAS-TrainingData\vio\[vio][jaz_blu]2091__2.wav,Violin,2
[vio][jaz_blu]2238__3,[vio][jaz_blu]2238__3,IRMAS-TrainingData\vio\[vio][jaz_blu]2238__3.wav,Violin,2
082__[vio][nod][cla]2165__3,082__[vio][nod][cla]2165__3,IRMAS-TrainingData\vio\082__[vio][nod][cla]2165__3.wav,Violin,2
[vio][jaz_blu]2237__1,[vio][jaz_blu]2237__1,IRMAS-TrainingData\vio\[vio][jaz_blu]2237__1.wav,Violin,2
[vio][cla]2280__2,[vio][cla]2280__2,IRMAS-TrainingData\vio\[vio][cla]2280__2.wav,Violin,2
[vio][jaz_blu]2234__3,[vio][jaz_blu]2234__3,IRMAS-TrainingData\vio\[vio][jaz_blu]2234__3.wav,Violin,2
023__[vio][nod][cou_fol]2191__1,023__[vio][nod][cou_fol]2191__1,IRMAS-TrainingData\vio\023__[vio][nod][cou_fol]2191__1.wav,Violin,2
[vio][cla]2087__2,[vio][cla]2087__2,IRMAS-TrainingData\vio\[vio][cla]2087__2.wav,Violin,2
[vio][cla]2270__2,[vio][cla]2270__2,IRMAS-TrainingData\vio\[vio][cla]2270__2.wav,Violin,2
[vio][pop_roc]2249__2,[vio][pop_roc]2249__2,IRMAS-TrainingData\vio\[vio][pop_roc]2249__2.wav,Violin,2
[vio][pop_roc]2248__1,[vio][pop_roc]2248__1,IRMAS-TrainingData\vio\[vio][pop_roc]2248__1.wav,Violin,2
[vio][cla]2111__2,[vio][cla]2111__2,IRMAS-TrainingData\vio\[vio][cla]2111__2.wav,Violin,2
[vio][pop_roc]2127__3,[vio][pop_roc]2127__3,IRMAS-TrainingData\vio\[vio][pop_roc]2127__3.wav,Violin,2
[vio][cla]2263__1,[vio][cla]2263__1,IRMAS-TrainingData\vio\[vio][cla]2263__1.wav,Violin,2
[vio][jaz_blu]2107__2,[vio][jaz_blu]2107__2,IRMAS-TrainingData\vio\[vio][jaz_blu]2107__2.wav,Violin,2
[vio][cla]2083__2,[vio][cla]2083__2,IRMAS-TrainingData\vio\[vio][cla]2083__2.wav,Violin,2
[vio][pop_roc]2243__3,[vio][pop_roc]2243__3,IRMAS-TrainingData\vio\[vio][pop_roc]2243__3.wav,Violin,2
[vio][pop_roc]2206__2,[vio][pop_roc]2206__2,IRMAS-TrainingData\vio\[vio][pop_roc]2206__2.wav,Violin,2
[vio][cla]2258__3,[vio][cla]2258__3,IRMAS-TrainingData\vio\[vio][cla]2258__3.wav,Violin,2
074__[vio][nod][cla]2159__2,074__[vio][nod][cla]2159__2,IRMAS-TrainingData\vio\074__[vio][nod][cla]2159__2.wav,Violin,2
[vio][cla]2216__2,[vio][cla]2216__2,IRMAS-TrainingData\vio\[vio][cla]2216__2.wav,Violin,2
[vio][cla]2103__1,[vio][cla]2103__1,IRMAS-TrainingData\vio\[vio][cla]2103__1.wav,Violin,2
[vio][jaz_blu]2104__2,[vio][jaz_blu]2104__2,IRMAS-TrainingData\vio\[vio][jaz_blu]2104__2.wav,Violin,2
[vio][cla]2223__1,[vio][cla]2223__1,IRMAS-TrainingData\vio\[vio][cla]2223__1.wav,Violin,2
[vio][jaz_blu]2133__3,[vio][jaz_blu]2133__3,IRMAS-TrainingData\vio\[vio][jaz_blu]2133__3.wav,Violin,2
[vio][pop_roc]2121__1,[vio][pop_roc]2121__1,IRMAS-TrainingData\vio\[vio][pop_roc]2121__1.wav,Violin,2
[vio][cla]2216__3,[vio][cla]2216__3,IRMAS-TrainingData\vio\[vio][cla]2216__3.wav,Violin,2
105__[vio][nod][cla]2170__2,105__[vio][nod][cla]2170__2,IRMAS-TrainingData\vio\105__[vio][nod][cla]2170__2.wav,Violin,2
[vio][jaz_blu]2205__2,[vio][jaz_blu]2205__2,IRMAS-TrainingData\vio\[vio][jaz_blu]2205__2.wav,Violin,2
[vio][cla]2265__3,[vio][cla]2265__3,IRMAS-TrainingData\vio\[vio][cla]2265__3.wav,Violin,2
[vio][pop_roc]2127__1,[vio][pop_roc]2127__1,IRMAS-TrainingData\vio\[vio][pop_roc]2127__1.wav,Violin,2
[vio][pop_roc]2146__1,[vio][pop_roc]2146__1,IRMAS-TrainingData\vio\[vio][pop_roc]2146__1.wav,Violin,2
[vio][jaz_blu]2094__1,[vio][jaz_blu]2094__1,IRMAS-TrainingData\vio\[vio][jaz_blu]2094__1.wav,Violin,2
[vio][cla]2271__2,[vio][cla]2271__2,IRMAS-TrainingData\vio\[vio][cla]2271__2.wav,Violin,2
[vio][cla]2257__3,[vio][cla]2257__3,IRMAS-TrainingData\vio\[vio][cla]2257__3.wav,Violin,2
[vio][pop_roc]2115__2,[vio][pop_roc]2115__2,IRMAS-TrainingData\vio\[vio][pop_roc]2115__2.wav,Violin,2
[vio][cla]2217__1,[vio][cla]2217__1,IRMAS-TrainingData\vio\[vio][cla]2217__1.wav,Violin,2
[vio][jaz_blu]2205__1,[vio][jaz_blu]2205__1,IRMAS-TrainingData\vio\[vio][jaz_blu]2205__1.wav,Violin,2
[vio][jaz_blu]2281__3,[vio][jaz_blu]2281__3,IRMAS-TrainingData\vio\[vio][jaz_blu]2281__3.wav,Violin,2
135__[vio][nod][cou_fol]2199__1,135__[vio][nod][cou_fol]2199__1,IRMAS-TrainingData\vio\135__[vio][nod][cou_fol]2199__1.wav,Violin,2
174__[vio][nod][cla]2157__2,174__[vio][nod][cla]2157__2,IRMAS-TrainingData\vio\174__[vio][nod][cla]2157__2.wav,Violin,2
128__[vio][nod][cou_fol]2197__1,128__[vio][nod][cou_fol]2197__1,IRMAS-TrainingData\vio\128__[vio][nod][cou_fol]2197__1.wav,Violin,2
050__[vio][nod][cla]2155__3,050__[vio][nod][cla]2155__3,IRMAS-TrainingData\vio\050__[vio][nod][cla]2155__3.wav,Violin,2
[vio][pop_roc]2140__2,[vio][pop_roc]2140__2,IRMAS-TrainingData\vio\[vio][pop_roc]2140__2.wav,Violin,2
[vio][cla]2221__2,[vio][cla]2221__2,IRMAS-TrainingData\vio\[vio][cla]2221__2.wav,Violin,2
[vio][jaz_blu]2273__2,[vio][jaz_blu]2273__2,IRMAS-TrainingData\vio\[vio][jaz_blu]2273__2.wav,Violin,2
[vio][cla]2223__3,[vio][cla]2223__3,IRMAS-TrainingData\vio\[vio][cla]2223__3.wav,Violin,2
[vio][cla]2283__1,[vio][cla]2283__1,IRMAS-TrainingData\vio\[vio][cla]2283__1.wav,Violin,2
[vio][jaz_blu]2093__1,[vio][jaz_blu]2093__1,IRMAS-TrainingData\vio\[vio][jaz_blu]2093__1.wav,Violin,2
[vio][pop_roc]2118__3,[vio][pop_roc]2118__3,IRMAS-TrainingData\vio\[vio][pop_roc]2118__3.wav,Violin,2
[vio][pop_roc]2140__3,[vio][pop_roc]2140__3,IRMAS-TrainingData\vio\[vio][pop_roc]2140__3.wav,Violin,2
[vio][pop_roc]2141__3,[vio][pop_roc]2141__3,IRMAS-TrainingData\vio\[vio][pop_roc]2141__3.wav,Violin,2
013__[vio][nod][cla]2162__3,013__[vio][nod][cla]2162__3,IRMAS-TrainingData\vio\013__[vio][nod][cla]2162__3.wav,Violin,2
[vio][pop_roc]2274__2,[vio][pop_roc]2274__2,IRMAS-TrainingData\vio\[vio][pop_roc]2274__2.wav,Violin,2
174__[vio][nod][cla]2157__3,174__[vio][nod][cla]2157__3,IRMAS-TrainingData\vio\174__[vio][nod][cla]2157__3.wav,Violin,2
108__[vio][nod][cou_fol]2193__2,108__[vio][nod][cou_fol]2193__2,IRMAS-TrainingData\vio\108__[vio][nod][cou_fol]2193__2.wav,Violin,2
[vio][cla]2258__2,[vio][cla]2258__2,IRMAS-TrainingData\vio\[vio][cla]2258__2.wav,Violin,2
[vio][pop_roc]2143__3,[vio][pop_roc]2143__3,IRMAS-TrainingData\vio\[vio][pop_roc]2143__3.wav,Violin,2
[vio][cla]2095__3,[vio][cla]2095__3,IRMAS-TrainingData\vio\[vio][cla]2095__3.wav,Violin,2
133__[vio][nod][cla]2168__2,133__[vio][nod][cla]2168__2,IRMAS-TrainingData\vio\133__[vio][nod][cla]2168__2.wav,Violin,2
[vio][pop_roc]2204__1,[vio][pop_roc]2204__1,IRMAS-TrainingData\vio\[vio][pop_roc]2204__1.wav,Violin,2
140__[vio][nod][cla]2169__1,140__[vio][nod][cla]2169__1,IRMAS-TrainingData\vio\140__[vio][nod][cla]2169__1.wav,Violin,2
[vio][pop_roc]2243__1,[vio][pop_roc]2243__1,IRMAS-TrainingData\vio\[vio][pop_roc]2243__1.wav,Violin,2
[vio][jaz_blu]2132__3,[vio][jaz_blu]2132__3,IRMAS-TrainingData\vio\[vio][jaz_blu]2132__3.wav,Violin,2
[vio][pop_roc]2251__1,[vio][pop_roc]2251__1,IRMAS-TrainingData\vio\[vio][pop_roc]2251__1.wav,Violin,2
[vio][cla]2278__2,[vio][cla]2278__2,IRMAS-TrainingData\vio\[vio][cla]2278__2.wav,Violin,2
007__[vio][nod][cla]2103__3,007__[vio][nod][cla]2103__3,IRMAS-TrainingData\vio\007__[vio][nod][cla]2103__3.wav,Violin,2
[vio][cla]2264__3,[vio][cla]2264__3,IRMAS-TrainingData\vio\[vio][cla]2264__3.wav,Violin,2
110__[vio][nod][cla]2210__3,110__[vio][nod][cla]2210__3,IRMAS-TrainingData\vio\110__[vio][nod][cla]2210__3.wav,Violin,2
050__[vio][nod][cla]2155__2,050__[vio][nod][cla]2155__2,IRMAS-TrainingData\vio\050__[vio][nod][cla]2155__2.wav,Violin,2
126__[vio][nod][cla]2185__2,126__[vio][nod][cla]2185__2,IRMAS-TrainingData\vio\126__[vio][nod][cla]2185__2.wav,Violin,2
[vio][cla]2211__3,[vio][cla]2211__3,IRMAS-TrainingData\vio\[vio][cla]2211__3.wav,Violin,2
[vio][jaz_blu]2238__2,[vio][jaz_blu]2238__2,IRMAS-TrainingData\vio\[vio][jaz_blu]2238__2.wav,Violin,2
[vio][jaz_blu]2134__2,[vio][jaz_blu]2134__2,IRMAS-TrainingData\vio\[vio][jaz_blu]2134__2.wav,Violin,2
[vio][pop_roc]2085__3,[vio][pop_roc]2085__3,IRMAS-TrainingData\vio\[vio][pop_roc]2085__3.wav,Violin,2
[vio][pop_roc]2146__2,[vio][pop_roc]2146__2,IRMAS-TrainingData\vio\[vio][pop_roc]2146__2.wav,Violin,2
[vio][cla]2256__2,[vio][cla]2256__2,IRMAS-TrainingData\vio\[vio][cla]2256__2.wav,Violin,2
[vio][jaz_blu]2107__1,[vio][jaz_blu]2107__1,IRMAS-TrainingData\vio\[vio][jaz_blu]2107__1.wav,Violin,2
[vio][cla]2259__1,[vio][cla]2259__1,IRMAS-TrainingData\vio\[vio][cla]2259__1.wav,Violin,2
[vio][cla]2221__1,[vio][cla]2221__1,IRMAS-TrainingData\vio\[vio][cla]2221__1.wav,Violin,2
009__[vio][nod][cla]2178__3,009__[vio][nod][cla]2178__3,IRMAS-TrainingData\vio\009__[vio][nod][cla]2178__3.wav,Violin,2
058__[vio][nod][cla]2174__3,058__[vio][nod][cla]2174__3,IRMAS-TrainingData\vio\058__[vio][nod][cla]2174__3.wav,Violin,2
148__[vio][nod][cla]2177__2,148__[vio][nod][cla]2177__2,IRMAS-TrainingData\vio\148__[vio][nod][cla]2177__2.wav,Violin,2
122__[vio][nod][cla]2176__1,122__[vio][nod][cla]2176__1,IRMAS-TrainingData\vio\122__[vio][nod][cla]2176__1.wav,Violin,2
[vio][cla]2211__2,[vio][cla]2211__2,IRMAS-TrainingData\vio\[vio][cla]2211__2.wav,Violin,2
[vio][jaz_blu]2228__2,[vio][jaz_blu]2228__2,IRMAS-TrainingData\vio\[vio][jaz_blu]2228__2.wav,Violin,2
[vio][pop_roc]2251__3,[vio][pop_roc]2251__3,IRMAS-TrainingData\vio\[vio][pop_roc]2251__3.wav,Violin,2
[vio][jaz_blu]2113__1,[vio][jaz_blu]2113__1,IRMAS-TrainingData\vio\[vio][jaz_blu]2113__1.wav,Violin,2
[vio][jaz_blu]2086__1,[vio][jaz_blu]2086__1,IRMAS-TrainingData\vio\[vio][jaz_blu]2086__1.wav,Violin,2
[vio][pop_roc]2110__1,[vio][pop_roc]2110__1,IRMAS-TrainingData\vio\[vio][pop_roc]2110__1.wav,Violin,2
[vio][pop_roc]2120__1,[vio][pop_roc]2120__1,IRMAS-TrainingData\vio\[vio][pop_roc]2120__1.wav,Violin,2
[vio][pop_roc]2274__1,[vio][pop_roc]2274__1,IRMAS-TrainingData\vio\[vio][pop_roc]2274__1.wav,Violin,2
[vio][cla]2270__1,[vio][cla]2270__1,IRMAS-TrainingData\vio\[vio][cla]2270__1.wav,Violin,2
[vio][cla]2087__1,[vio][cla]2087__1,IRMAS-TrainingData\vio\[vio][cla]2087__1.wav,Violin,2
[vio][cla]2215__1,[vio][cla]2215__1,IRMAS-TrainingData\vio\[vio][cla]2215__1.wav,Violin,2
[vio][pop_roc]2254__2,[vio][pop_roc]2254__2,IRMAS-TrainingData\vio\[vio][pop_roc]2254__2.wav,Violin,2
[vio][pop_roc]2203__3,[vio][pop_roc]2203__3,IRMAS-TrainingData\vio\[vio][pop_roc]2203__3.wav,Violin,2
[vio][cla]2095__2,[vio][cla]2095__2,IRMAS-TrainingData\vio\[vio][cla]2095__2.wav,Violin,2
[vio][pop_roc]2143__2,[vio][pop_roc]2143__2,IRMAS-TrainingData\vio\[vio][pop_roc]2143__2.wav,Violin,2
[vio][pop_roc]2100__3,[vio][pop_roc]2100__3,IRMAS-TrainingData\vio\[vio][pop_roc]2100__3.wav,Violin,2
[vio][pop_roc]2276__2,[vio][pop_roc]2276__2,IRMAS-TrainingData\vio\[vio][pop_roc]2276__2.wav,Violin,2
130__[vio][nod][cla]2154__1,130__[vio][nod][cla]2154__1,IRMAS-TrainingData\vio\130__[vio][nod][cla]2154__1.wav,Violin,2
123__[vio][nod][cla]2167__3,123__[vio][nod][cla]2167__3,IRMAS-TrainingData\vio\123__[vio][nod][cla]2167__3.wav,Violin,2
[vio][pop_roc]2131__2,[vio][pop_roc]2131__2,IRMAS-TrainingData\vio\[vio][pop_roc]2131__2.wav,Violin,2
114__[vio][nod][cla]2184__1,114__[vio][nod][cla]2184__1,IRMAS-TrainingData\vio\114__[vio][nod][cla]2184__1.wav,Violin,2
171__[vio][nod][cou_fol]2195__1,171__[vio][nod][cou_fol]2195__1,IRMAS-TrainingData\vio\171__[vio][nod][cou_fol]2195__1.wav,Violin,2
[vio][jaz_blu]2104__3,[vio][jaz_blu]2104__3,IRMAS-TrainingData\vio\[vio][jaz_blu]2104__3.wav,Violin,2
[vio][cla]2271__1,[vio][cla]2271__1,IRMAS-TrainingData\vio\[vio][cla]2271__1.wav,Violin,2
108__[vio][nod][cou_fol]2193__3,108__[vio][nod][cou_fol]2193__3,IRMAS-TrainingData\vio\108__[vio][nod][cou_fol]2193__3.wav,Violin,2
[vio][jaz_blu]2261__2,[vio][jaz_blu]2261__2,IRMAS-TrainingData\vio\[vio][jaz_blu]2261__2.wav,Violin,2
121__[vio][nod][cla]2161__1,121__[vio][nod][cla]2161__1,IRMAS-TrainingData\vio\121__[vio][nod][cla]2161__1.wav,Violin,2
[vio][jaz_blu]2268__2,[vio][jaz_blu]2268__2,IRMAS-TrainingData\vio\[vio][jaz_blu]2268__2.wav,Violin,2
[vio][jaz_blu]2134__3,[vio][jaz_blu]2134__3,IRMAS-TrainingData\vio\[vio][jaz_blu]2134__3.wav,Violin,2
[vio][jaz_blu]2089__2,[vio][jaz_blu]2089__2,IRMAS-TrainingData\vio\[vio][jaz_blu]2089__2.wav,Violin,2
[vio][cla]2267__1,[vio][cla]2267__1,IRMAS-TrainingData\vio\[vio][cla]2267__1.wav,Violin,2
[vio][pop_roc]2276__1,[vio][pop_roc]2276__1,IRMAS-TrainingData\vio\[vio][pop_roc]2276__1.wav,Violin,2
140__[vio][nod][cla]2169__2,140__[vio][nod][cla]2169__2,IRMAS-TrainingData\vio\140__[vio][nod][cla]2169__2.wav,Violin,2
[vio][pop_roc]2145__1,[vio][pop_roc]2145__1,IRMAS-TrainingData\vio\[vio][pop_roc]2145__1.wav,Violin,2
114__[vio][nod][cla]2184__2,114__[vio][nod][cla]2184__2,IRMAS-TrainingData\vio\114__[vio][nod][cla]2184__2.wav,Violin,2
148__[vio][nod][cla]2177__3,148__[vio][nod][cla]2177__3,IRMAS-TrainingData\vio\148__[vio][nod][cla]2177__3.wav,Violin,2
123__[vio][nod][cla]2167__1,123__[vio][nod][cla]2167__1,IRMAS-TrainingData\vio\123__[vio][nod][cla]2167__1.wav,Violin,2
[vio][cla]2102__3,[vio][cla]2102__3,IRMAS-TrainingData\vio\[vio][cla]2102__3.wav,Violin,2
105__[vio][nod][cla]2170__3,105__[vio][nod][cla]2170__3,IRMAS-TrainingData\vio\105__[vio][nod][cla]2170__3.wav,Violin,2
[vio][jaz_blu]2268__1,[vio][jaz_blu]2268__1,IRMAS-TrainingData\vio\[vio][jaz_blu]2268__1.wav,Violin,2
009__[vio][nod][cla]2178__2,009__[vio][nod][cla]2178__2,IRMAS-TrainingData\vio\009__[vio][nod][cla]2178__2.wav,Violin,2
[vio][cla]2270__3,[vio][cla]2270__3,IRMAS-TrainingData\vio\[vio][cla]2270__3.wav,Violin,2
[vio][pop_roc]2120__2,[vio][pop_roc]2120__2,IRMAS-TrainingData\vio\[vio][pop_roc]2120__2.wav,Violin,2
137__[vio][nod][cou_fol]2190__1,137__[vio][nod][cou_fol]2190__1,IRMAS-TrainingData\vio\137__[vio][nod][cou_fol]2190__1.wav,Violin,2
023__[vio][nod][cou_fol]2191__3,023__[vio][nod][cou_fol]2191__3,IRMAS-TrainingData\vio\023__[vio][nod][cou_fol]2191__3.wav,Violin,2
[vio][pop_roc]2202__1,[vio][pop_roc]2202__1,IRMAS-TrainingData\vio\[vio][pop_roc]2202__1.wav,Violin,2
[vio][pop_roc]2100__2,[vio][pop_roc]2100__2,IRMAS-TrainingData\vio\[vio][pop_roc]2100__2.wav,Violin,2
148__[vio][nod][cla]2177__1,148__[vio][nod][cla]2177__1,IRMAS-TrainingData\vio\148__[vio][nod][cla]2177__1.wav,Violin,2
[vio][jaz_blu]2231__3,[vio][jaz_blu]2231__3,IRMAS-TrainingData\vio\[vio][jaz_blu]2231__3.wav,Violin,2
[vio][jaz_blu]2124__1,[vio][jaz_blu]2124__1,IRMAS-TrainingData\vio\[vio][jaz_blu]2124__1.wav,Violin,2
[vio][jaz_blu]2273__1,[vio][jaz_blu]2273__1,IRMAS-TrainingData\vio\[vio][jaz_blu]2273__1.wav,Violin,2
[vio][jaz_blu]2239__1,[vio][jaz_blu]2239__1,IRMAS-TrainingData\vio\[vio][jaz_blu]2239__1.wav,Violin,2
[vio][cla]2283__3,[vio][cla]2283__3,IRMAS-TrainingData\vio\[vio][cla]2283__3.wav,Violin,2
140__[vio][nod][cla]2169__3,140__[vio][nod][cla]2169__3,IRMAS-TrainingData\vio\140__[vio][nod][cla]2169__3.wav,Violin,2
[vio][pop_roc]2130__3,[vio][pop_roc]2130__3,IRMAS-TrainingData\vio\[vio][pop_roc]2130__3.wav,Violin,2
[vio][cla]2257__1,[vio][cla]2257__1,IRMAS-TrainingData\vio\[vio][cla]2257__1.wav,Violin,2
[vio][pop_roc]2269__3,[vio][pop_roc]2269__3,IRMAS-TrainingData\vio\[vio][pop_roc]2269__3.wav,Violin,2
[vio][jaz_blu]2137__2,[vio][jaz_blu]2137__2,IRMAS-TrainingData\vio\[vio][jaz_blu]2137__2.wav,Violin,2
[vio][pop_roc]2276__3,[vio][pop_roc]2276__3,IRMAS-TrainingData\vio\[vio][pop_roc]2276__3.wav,Violin,2
[vio][pop_roc]2129__2,[vio][pop_roc]2129__2,IRMAS-TrainingData\vio\[vio][pop_roc]2129__2.wav,Violin,2
[vio][pop_roc]2269__2,[vio][pop_roc]2269__2,IRMAS-TrainingData\vio\[vio][pop_roc]2269__2.wav,Violin,2
[vio][pop_roc]2269__1,[vio][pop_roc]2269__1,IRMAS-TrainingData\vio\[vio][pop_roc]2269__1.wav,Violin,2
[vio][pop_roc]2101__1,[vio][pop_roc]2101__1,IRMAS-TrainingData\vio\[vio][pop_roc]2101__1.wav,Violin,2
042__[vio][nod][cla]1687__1,042__[vio][nod][cla]1687__1,IRMAS-TrainingData\vio\042__[vio][nod][cla]1687__1.wav,Violin,2
[vio][cla]2210__3,[vio][cla]2210__3,IRMAS-TrainingData\vio\[vio][cla]2210__3.wav,Violin,2
[vio][pop_roc]2099__1,[vio][pop_roc]2099__1,IRMAS-TrainingData\vio\[vio][pop_roc]2099__1.wav,Violin,2
093__[flu][dru][pop_roc]0420__3,093__[flu][dru][pop_roc]0420__3,IRMAS-TrainingData\flu\093__[flu][dru][pop_roc]0420__3.wav,Flute,3
[flu][jaz_blu]0493__2,[flu][jaz_blu]0493__2,IRMAS-TrainingData\flu\[flu][jaz_blu]0493__2.wav,Flute,3
[flu][jaz_blu]0513__2,[flu][jaz_blu]0513__2,IRMAS-TrainingData\flu\[flu][jaz_blu]0513__2.wav,Flute,3
[flu][pop_roc]0375__1,[flu][pop_roc]0375__1,IRMAS-TrainingData\flu\[flu][pop_roc]0375__1.wav,Flute,3
057__[flu][dru][cou_fol]0407__2,057__[flu][dru][cou_fol]0407__2,IRMAS-TrainingData\flu\057__[flu][dru][cou_fol]0407__2.wav,Flute,3
[flu][cla]0353__1,[flu][cla]0353__1,IRMAS-TrainingData\flu\[flu][cla]0353__1.wav,Flute,3
[flu][cla]0351__3,[flu][cla]0351__3,IRMAS-TrainingData\flu\[flu][cla]0351__3.wav,Flute,3
[flu][pop_roc]0482__2,[flu][pop_roc]0482__2,IRMAS-TrainingData\flu\[flu][pop_roc]0482__2.wav,Flute,3
[flu][jaz_blu]0461__2,[flu][jaz_blu]0461__2,IRMAS-TrainingData\flu\[flu][jaz_blu]0461__2.wav,Flute,3
[flu][cla]0399__2,[flu][cla]0399__2,IRMAS-TrainingData\flu\[flu][cla]0399__2.wav,Flute,3
139__[flu][nod][cou_fol]0411__3,139__[flu][nod][cou_fol]0411__3,IRMAS-TrainingData\flu\139__[flu][nod][cou_fol]0411__3.wav,Flute,3
[flu][cla]0383__3,[flu][cla]0383__3,IRMAS-TrainingData\flu\[flu][cla]0383__3.wav,Flute,3
[flu][cla]0346__2,[flu][cla]0346__2,IRMAS-TrainingData\flu\[flu][cla]0346__2.wav,Flute,3
[flu][jaz_blu]0460__2,[flu][jaz_blu]0460__2,IRMAS-TrainingData\flu\[flu][jaz_blu]0460__2.wav,Flute,3
[flu][pop_roc]0471__2,[flu][pop_roc]0471__2,IRMAS-TrainingData\flu\[flu][pop_roc]0471__2.wav,Flute,3
[flu][jaz_blu]0380__2,[flu][jaz_blu]0380__2,IRMAS-TrainingData\flu\[flu][jaz_blu]0380__2.wav,Flute,3
[flu][jaz_blu]0502__1,[flu][jaz_blu]0502__1,IRMAS-TrainingData\flu\[flu][jaz_blu]0502__1.wav,Flute,3
[flu][jaz_blu]0500__2,[flu][jaz_blu]0500__2,IRMAS-TrainingData\flu\[flu][jaz_blu]0500__2.wav,Flute,3
[flu][pop_roc]0476__3,[flu][pop_roc]0476__3,IRMAS-TrainingData\flu\[flu][pop_roc]0476__3.wav,Flute,3
[flu][jaz_blu]0504__1,[flu][jaz_blu]0504__1,IRMAS-TrainingData\flu\[flu][jaz_blu]0504__1.wav,Flute,3
[flu][cla]0376__2,[flu][cla]0376__2,IRMAS-TrainingData\flu\[flu][cla]0376__2.wav,Flute,3
[flu][pop_roc]0473__2,[flu][pop_roc]0473__2,IRMAS-TrainingData\flu\[flu][pop_roc]0473__2.wav,Flute,3
[flu][jaz_blu]0454__2,[flu][jaz_blu]0454__2,IRMAS-TrainingData\flu\[flu][jaz_blu]0454__2.wav,Flute,3
[flu][cla]0435__3,[flu][cla]0435__3,IRMAS-TrainingData\flu\[flu][cla]0435__3.wav,Flute,3
[flu][jaz_blu]0423__1,[flu][jaz_blu]0423__1,IRMAS-TrainingData\flu\[flu][jaz_blu]0423__1.wav,Flute,3
[flu][jaz_blu]0404__3,[flu][jaz_blu]0404__3,IRMAS-TrainingData\flu\[flu][jaz_blu]0404__3.wav,Flute,3
[flu][cla]0397__2,[flu][cla]0397__2,IRMAS-TrainingData\flu\[flu][cla]0397__2.wav,Flute,3
[flu][jaz_blu]0499__1,[flu][jaz_blu]0499__1,IRMAS-TrainingData\flu\[flu][jaz_blu]0499__1.wav,Flute,3
[flu][jaz_blu]0398__2,[flu][jaz_blu]0398__2,IRMAS-TrainingData\flu\[flu][jaz_blu]0398__2.wav,Flute,3
[flu][cla]0399__3,[flu][cla]0399__3,IRMAS-TrainingData\flu\[flu][cla]0399__3.wav,Flute,3
[flu][jaz_blu]0462__2,[flu][jaz_blu]0462__2,IRMAS-TrainingData\flu\[flu][jaz_blu]0462__2.wav,Flute,3
[flu][jaz_blu]0504__2,[flu][jaz_blu]0504__2,IRMAS-TrainingData\flu\[flu][jaz_blu]0504__2.wav,Flute,3
058__[flu][nod][jaz_blu]0775__2,058__[flu][nod][jaz_blu]0775__2,IRMAS-TrainingData\flu\058__[flu][nod][jaz_blu]0775__2.wav,Flute,3
[flu][jaz_blu]0502__3,[flu][jaz_blu]0502__3,IRMAS-TrainingData\flu\[flu][jaz_blu]0502__3.wav,Flute,3
[flu][pop_roc]0466__1,[flu][pop_roc]0466__1,IRMAS-TrainingData\flu\[flu][pop_roc]0466__1.wav,Flute,3
155__[flu][nod][cou_fol]0416__1,155__[flu][nod][cou_fol]0416__1,IRMAS-TrainingData\flu\155__[flu][nod][cou_fol]0416__1.wav,Flute,3
[flu][pop_roc]0471__1,[flu][pop_roc]0471__1,IRMAS-TrainingData\flu\[flu][pop_roc]0471__1.wav,Flute,3
[flu][cla]0369__2,[flu][cla]0369__2,IRMAS-TrainingData\flu\[flu][cla]0369__2.wav,Flute,3
[flu][jaz_blu]0512__2,[flu][jaz_blu]0512__2,IRMAS-TrainingData\flu\[flu][jaz_blu]0512__2.wav,Flute,3
[flu][cla]0370__1,[flu][cla]0370__1,IRMAS-TrainingData\flu\[flu][cla]0370__1.wav,Flute,3
[flu][cla]0389__2,[flu][cla]0389__2,IRMAS-TrainingData\flu\[flu][cla]0389__2.wav,Flute,3
[flu][pop_roc]0364__1,[flu][pop_roc]0364__1,IRMAS-TrainingData\flu\[flu][pop_roc]0364__1.wav,Flute,3
139__[flu][nod][cou_fol]0411__1,139__[flu][nod][cou_fol]0411__1,IRMAS-TrainingData\flu\139__[flu][nod][cou_fol]0411__1.wav,Flute,3
[flu][cla]0355__1,[flu][cla]0355__1,IRMAS-TrainingData\flu\[flu][cla]0355__1.wav,Flute,3
[flu][cla]0382__1,[flu][cla]0382__1,IRMAS-TrainingData\flu\[flu][cla]0382__1.wav,Flute,3
[flu][cla]0361__2,[flu][cla]0361__2,IRMAS-TrainingData\flu\[flu][cla]0361__2.wav,Flute,3
[flu][jaz_blu]0459__2,[flu][jaz_blu]0459__2,IRMAS-TrainingData\flu\[flu][jaz_blu]0459__2.wav,Flute,3
105__[flu][nod][cou_fol]0414__1,105__[flu][nod][cou_fol]0414__1,IRMAS-TrainingData\flu\105__[flu][nod][cou_fol]0414__1.wav,Flute,3
[flu][pop_roc]0477__3,[flu][pop_roc]0477__3,IRMAS-TrainingData\flu\[flu][pop_roc]0477__3.wav,Flute,3
008__[flu][nod][cla]0393__2,008__[flu][nod][cla]0393__2,IRMAS-TrainingData\flu\008__[flu][nod][cla]0393__2.wav,Flute,3
[flu][cla]0442__1,[flu][cla]0442__1,IRMAS-TrainingData\flu\[flu][cla]0442__1.wav,Flute,3
[flu][pop_roc]0486__1,[flu][pop_roc]0486__1,IRMAS-TrainingData\flu\[flu][pop_roc]0486__1.wav,Flute,3
[flu][pop_roc]0375__2,[flu][pop_roc]0375__2,IRMAS-TrainingData\flu\[flu][pop_roc]0375__2.wav,Flute,3
[flu][jaz_blu]0500__1,[flu][jaz_blu]0500__1,IRMAS-TrainingData\flu\[flu][jaz_blu]0500__1.wav,Flute,3
[flu][jaz_blu]0444__2,[flu][jaz_blu]0444__2,IRMAS-TrainingData\flu\[flu][jaz_blu]0444__2.wav,Flute,3
[flu][cla]0396__2,[flu][cla]0396__2,IRMAS-TrainingData\flu\[flu][cla]0396__2.wav,Flute,3
033__[flu][dru][cou_fol]0415__3,033__[flu][dru][cou_fol]0415__3,IRMAS-TrainingData\flu\033__[flu][dru][cou_fol]0415__3.wav,Flute,3
[flu][cla]0377__2,[flu][cla]0377__2,IRMAS-TrainingData\flu\[flu][cla]0377__2.wav,Flute,3
[flu][cla]0394__3,[flu][cla]0394__3,IRMAS-TrainingData\flu\[flu][cla]0394__3.wav,Flute,3
[flu][pop_roc]0388__2,[flu][pop_roc]0388__2,IRMAS-TrainingData\flu\[flu][pop_roc]0388__2.wav,Flute,3
[flu][cla]0393__3,[flu][cla]0393__3,IRMAS-TrainingData\flu\[flu][cla]0393__3.wav,Flute,3
[flu][pop_roc]0387__3,[flu][pop_roc]0387__3,IRMAS-TrainingData\flu\[flu][pop_roc]0387__3.wav,Flute,3
[flu][jaz_blu]0423__3,[flu][jaz_blu]0423__3,IRMAS-TrainingData\flu\[flu][jaz_blu]0423__3.wav,Flute,3
093__[flu][dru][pop_roc]0420__2,093__[flu][dru][pop_roc]0420__2,IRMAS-TrainingData\flu\093__[flu][dru][pop_roc]0420__2.wav,Flute,3
[flu][pop_roc]0496__3,[flu][pop_roc]0496__3,IRMAS-TrainingData\flu\[flu][pop_roc]0496__3.wav,Flute,3
[flu][cla]0377__3,[flu][cla]0377__3,IRMAS-TrainingData\flu\[flu][cla]0377__3.wav,Flute,3
[flu][pop_roc]0479__3,[flu][pop_roc]0479__3,IRMAS-TrainingData\flu\[flu][pop_roc]0479__3.wav,Flute,3
[flu][pop_roc]0481__2,[flu][pop_roc]0481__2,IRMAS-TrainingData\flu\[flu][pop_roc]0481__2.wav,Flute,3
[flu][pop_roc]0485__1,[flu][pop_roc]0485__1,IRMAS-TrainingData\flu\[flu][pop_roc]0485__1.wav,Flute,3
[flu][pop_roc]0479__2,[flu][pop_roc]0479__2,IRMAS-TrainingData\flu\[flu][pop_roc]0479__2.wav,Flute,3
[flu][cla]0367__3,[flu][cla]0367__3,IRMAS-TrainingData\flu\[flu][cla]0367__3.wav,Flute,3
[flu][jaz_blu]0381__3,[flu][jaz_blu]0381__3,IRMAS-TrainingData\flu\[flu][jaz_blu]0381__3.wav,Flute,3
160__[flu][dru][pop_roc]0422__3,160__[flu][dru][pop_roc]0422__3,IRMAS-TrainingData\flu\160__[flu][dru][pop_roc]0422__3.wav,Flute,3
[flu][jaz_blu]0458__1,[flu][jaz_blu]0458__1,IRMAS-TrainingData\flu\[flu][jaz_blu]0458__1.wav,Flute,3
[flu][pop_roc]0487__2,[flu][pop_roc]0487__2,IRMAS-TrainingData\flu\[flu][pop_roc]0487__2.wav,Flute,3
[flu][pop_roc]0356__3,[flu][pop_roc]0356__3,IRMAS-TrainingData\flu\[flu][pop_roc]0356__3.wav,Flute,3
[flu][pop_roc]0495__1,[flu][pop_roc]0495__1,IRMAS-TrainingData\flu\[flu][pop_roc]0495__1.wav,Flute,3
[flu][cla]0389__3,[flu][cla]0389__3,IRMAS-TrainingData\flu\[flu][cla]0389__3.wav,Flute,3
[flu][cla]0350__2,[flu][cla]0350__2,IRMAS-TrainingData\flu\[flu][cla]0350__2.wav,Flute,3
[flu][pop_roc]0470__1,[flu][pop_roc]0470__1,IRMAS-TrainingData\flu\[flu][pop_roc]0470__1.wav,Flute,3
[flu][pop_roc]0483__2,[flu][pop_roc]0483__2,IRMAS-TrainingData\flu\[flu][pop_roc]0483__2.wav,Flute,3
[flu][cla]0357__3,[flu][cla]0357__3,IRMAS-TrainingData\flu\[flu][cla]0357__3.wav,Flute,3
[flu][cla]0400__1,[flu][cla]0400__1,IRMAS-TrainingData\flu\[flu][cla]0400__1.wav,Flute,3
[flu][pop_roc]0487__1,[flu][pop_roc]0487__1,IRMAS-TrainingData\flu\[flu][pop_roc]0487__1.wav,Flute,3
[flu][pop_roc]0484__1,[flu][pop_roc]0484__1,IRMAS-TrainingData\flu\[flu][pop_roc]0484__1.wav,Flute,3
[flu][pop_roc]0471__3,[flu][pop_roc]0471__3,IRMAS-TrainingData\flu\[flu][pop_roc]0471__3.wav,Flute,3
[flu][jaz_blu]0404__1,[flu][jaz_blu]0404__1,IRMAS-TrainingData\flu\[flu][jaz_blu]0404__1.wav,Flute,3
[flu][cla]0347__2,[flu][cla]0347__2,IRMAS-TrainingData\flu\[flu][cla]0347__2.wav,Flute,3
[flu][jaz_blu]0444__1,[flu][jaz_blu]0444__1,IRMAS-TrainingData\flu\[flu][jaz_blu]0444__1.wav,Flute,3
[flu][pop_roc]0473__3,[flu][pop_roc]0473__3,IRMAS-TrainingData\flu\[flu][pop_roc]0473__3.wav,Flute,3
[flu][pop_roc]0491__1,[flu][pop_roc]0491__1,IRMAS-TrainingData\flu\[flu][pop_roc]0491__1.wav,Flute,3
[flu][pop_roc]0387__2,[flu][pop_roc]0387__2,IRMAS-TrainingData\flu\[flu][pop_roc]0387__2.wav,Flute,3
[flu][cla]0441__1,[flu][cla]0441__1,IRMAS-TrainingData\flu\[flu][cla]0441__1.wav,Flute,3
[flu][cla]0391__1,[flu][cla]0391__1,IRMAS-TrainingData\flu\[flu][cla]0391__1.wav,Flute,3
[flu][jaz_blu]0450__3,[flu][jaz_blu]0450__3,IRMAS-TrainingData\flu\[flu][jaz_blu]0450__3.wav,Flute,3
[flu][jaz_blu]0457__2,[flu][jaz_blu]0457__2,IRMAS-TrainingData\flu\[flu][jaz_blu]0457__2.wav,Flute,3
[flu][jaz_blu]0448__2,[flu][jaz_blu]0448__2,IRMAS-TrainingData\flu\[flu][jaz_blu]0448__2.wav,Flute,3
[flu][pop_roc]0392__2,[flu][pop_roc]0392__2,IRMAS-TrainingData\flu\[flu][pop_roc]0392__2.wav,Flute,3
[flu][pop_roc]0479__1,[flu][pop_roc]0479__1,IRMAS-TrainingData\flu\[flu][pop_roc]0479__1.wav,Flute,3
[flu][jaz_blu]0500__3,[flu][jaz_blu]0500__3,IRMAS-TrainingData\flu\[flu][jaz_blu]0500__3.wav,Flute,3
044__[flu][dru][cou_fol]0408__1,044__[flu][dru][cou_fol]0408__1,IRMAS-TrainingData\flu\044__[flu][dru][cou_fol]0408__1.wav,Flute,3
[flu][jaz_blu]0403__1,[flu][jaz_blu]0403__1,IRMAS-TrainingData\flu\[flu][jaz_blu]0403__1.wav,Flute,3
[flu][cla]0402__3,[flu][cla]0402__3,IRMAS-TrainingData\flu\[flu][cla]0402__3.wav,Flute,3
[flu][jaz_blu]0501__3,[flu][jaz_blu]0501__3,IRMAS-TrainingData\flu\[flu][jaz_blu]0501__3.wav,Flute,3
[flu][cla]0385__1,[flu][cla]0385__1,IRMAS-TrainingData\flu\[flu][cla]0385__1.wav,Flute,3
030__[flu][nod][cla]0373__3,030__[flu][nod][cla]0373__3,IRMAS-TrainingData\flu\030__[flu][nod][cla]0373__3.wav,Flute,3
150__[flu][dru][cou_fol]0417__3,150__[flu][dru][cou_fol]0417__3,IRMAS-TrainingData\flu\150__[flu][dru][cou_fol]0417__3.wav,Flute,3
[flu][cla]0377__1,[flu][cla]0377__1,IRMAS-TrainingData\flu\[flu][cla]0377__1.wav,Flute,3
[flu][jaz_blu]0493__1,[flu][jaz_blu]0493__1,IRMAS-TrainingData\flu\[flu][jaz_blu]0493__1.wav,Flute,3
[flu][jaz_blu]0498__3,[flu][jaz_blu]0498__3,IRMAS-TrainingData\flu\[flu][jaz_blu]0498__3.wav,Flute,3
024__[flu][nod][cla]0355__2,024__[flu][nod][cla]0355__2,IRMAS-TrainingData\flu\024__[flu][nod][cla]0355__2.wav,Flute,3
[flu][cla]0390__1,[flu][cla]0390__1,IRMAS-TrainingData\flu\[flu][cla]0390__1.wav,Flute,3
[flu][pop_roc]0497__2,[flu][pop_roc]0497__2,IRMAS-TrainingData\flu\[flu][pop_roc]0497__2.wav,Flute,3
[flu][pop_roc]0374__2,[flu][pop_roc]0374__2,IRMAS-TrainingData\flu\[flu][pop_roc]0374__2.wav,Flute,3
[flu][cla]0361__3,[flu][cla]0361__3,IRMAS-TrainingData\flu\[flu][cla]0361__3.wav,Flute,3
[flu][pop_roc]0473__1,[flu][pop_roc]0473__1,IRMAS-TrainingData\flu\[flu][pop_roc]0473__1.wav,Flute,3
[flu][jaz_blu]0453__3,[flu][jaz_blu]0453__3,IRMAS-TrainingData\flu\[flu][jaz_blu]0453__3.wav,Flute,3
[flu][pop_roc]0358__2,[flu][pop_roc]0358__2,IRMAS-TrainingData\flu\[flu][pop_roc]0358__2.wav,Flute,3
[flu][pop_roc]0485__3,[flu][pop_roc]0485__3,IRMAS-TrainingData\flu\[flu][pop_roc]0485__3.wav,Flute,3
[flu][cla]0393__1,[flu][cla]0393__1,IRMAS-TrainingData\flu\[flu][cla]0393__1.wav,Flute,3
[flu][cla]0362__3,[flu][cla]0362__3,IRMAS-TrainingData\flu\[flu][cla]0362__3.wav,Flute,3
[flu][jaz_blu]0498__2,[flu][jaz_blu]0498__2,IRMAS-TrainingData\flu\[flu][jaz_blu]0498__2.wav,Flute,3
[flu][jaz_blu]0403__3,[flu][jaz_blu]0403__3,IRMAS-TrainingData\flu\[flu][jaz_blu]0403__3.wav,Flute,3
[flu][jaz_blu]0514__2,[flu][jaz_blu]0514__2,IRMAS-TrainingData\flu\[flu][jaz_blu]0514__2.wav,Flute,3
[flu][jaz_blu]0448__1,[flu][jaz_blu]0448__1,IRMAS-TrainingData\flu\[flu][jaz_blu]0448__1.wav,Flute,3
[flu][pop_roc]0371__2,[flu][pop_roc]0371__2,IRMAS-TrainingData\flu\[flu][pop_roc]0371__2.wav,Flute,3
[flu][pop_roc]0360__1,[flu][pop_roc]0360__1,IRMAS-TrainingData\flu\[flu][pop_roc]0360__1.wav,Flute,3
[flu][cla]0429__2,[flu][cla]0429__2,IRMAS-TrainingData\flu\[flu][cla]0429__2.wav,Flute,3
[flu][pop_roc]0475__2,[flu][pop_roc]0475__2,IRMAS-TrainingData\flu\[flu][pop_roc]0475__2.wav,Flute,3
[flu][cla]0426__2,[flu][cla]0426__2,IRMAS-TrainingData\flu\[flu][cla]0426__2.wav,Flute,3
[flu][cla]0402__2,[flu][cla]0402__2,IRMAS-TrainingData\flu\[flu][cla]0402__2.wav,Flute,3
159__[flu][nod][cou_fol]0412__1,159__[flu][nod][cou_fol]0412__1,IRMAS-TrainingData\flu\159__[flu][nod][cou_fol]0412__1.wav,Flute,3
[flu][cla]0357__1,[flu][cla]0357__1,IRMAS-TrainingData\flu\[flu][cla]0357__1.wav,Flute,3
[flu][cla]0425__3,[flu][cla]0425__3,IRMAS-TrainingData\flu\[flu][cla]0425__3.wav,Flute,3
[flu][cla]0442__2,[flu][cla]0442__2,IRMAS-TrainingData\flu\[flu][cla]0442__2.wav,Flute,3
[flu][jaz_blu]0448__3,[flu][jaz_blu]0448__3,IRMAS-TrainingData\flu\[flu][jaz_blu]0448__3.wav,Flute,3
[flu][pop_roc]0392__3,[flu][pop_roc]0392__3,IRMAS-TrainingData\flu\[flu][pop_roc]0392__3.wav,Flute,3
[flu][cla]0440__3,[flu][cla]0440__3,IRMAS-TrainingData\flu\[flu][cla]0440__3.wav,Flute,3
[flu][jaz_blu]0459__1,[flu][jaz_blu]0459__1,IRMAS-TrainingData\flu\[flu][jaz_blu]0459__1.wav,Flute,3
040__[flu][nod][cou_fol]0409__2,040__[flu][nod][cou_fol]0409__2,IRMAS-TrainingData\flu\040__[flu][nod][cou_fol]0409__2.wav,Flute,3
[flu][pop_roc]0470__2,[flu][pop_roc]0470__2,IRMAS-TrainingData\flu\[flu][pop_roc]0470__2.wav,Flute,3
150__[flu][dru][cou_fol]0417__2,150__[flu][dru][cou_fol]0417__2,IRMAS-TrainingData\flu\150__[flu][dru][cou_fol]0417__2.wav,Flute,3
[flu][cla]0401__2,[flu][cla]0401__2,IRMAS-TrainingData\flu\[flu][cla]0401__2.wav,Flute,3
[flu][cla]0385__2,[flu][cla]0385__2,IRMAS-TrainingData\flu\[flu][cla]0385__2.wav,Flute,3
[flu][pop_roc]0372__3,[flu][pop_roc]0372__3,IRMAS-TrainingData\flu\[flu][pop_roc]0372__3.wav,Flute,3
[flu][cla]0346__1,[flu][cla]0346__1,IRMAS-TrainingData\flu\[flu][cla]0346__1.wav,Flute,3
[flu][pop_roc]0470__3,[flu][pop_roc]0470__3,IRMAS-TrainingData\flu\[flu][pop_roc]0470__3.wav,Flute,3
[flu][jaz_blu]0453__1,[flu][jaz_blu]0453__1,IRMAS-TrainingData\flu\[flu][jaz_blu]0453__1.wav,Flute,3
008__[flu][nod][cla]0393__1,008__[flu][nod][cla]0393__1,IRMAS-TrainingData\flu\008__[flu][nod][cla]0393__1.wav,Flute,3
[flu][jaz_blu]0457__3,[flu][jaz_blu]0457__3,IRMAS-TrainingData\flu\[flu][jaz_blu]0457__3.wav,Flute,3
[flu][jaz_blu]0443__1,[flu][jaz_blu]0443__1,IRMAS-TrainingData\flu\[flu][jaz_blu]0443__1.wav,Flute,3
[flu][cla]0442__3,[flu][cla]0442__3,IRMAS-TrainingData\flu\[flu][cla]0442__3.wav,Flute,3
[flu][pop_roc]0496__2,[flu][pop_roc]0496__2,IRMAS-TrainingData\flu\[flu][pop_roc]0496__2.wav,Flute,3
[flu][cla]0366__1,[flu][cla]0366__1,IRMAS-TrainingData\flu\[flu][cla]0366__1.wav,Flute,3
[flu][pop_roc]0358__3,[flu][pop_roc]0358__3,IRMAS-TrainingData\flu\[flu][pop_roc]0358__3.wav,Flute,3
[flu][cla]0431__3,[flu][cla]0431__3,IRMAS-TrainingData\flu\[flu][cla]0431__3.wav,Flute,3
[flu][jaz_blu]0450__2,[flu][jaz_blu]0450__2,IRMAS-TrainingData\flu\[flu][jaz_blu]0450__2.wav,Flute,3
[flu][pop_roc]0358__1,[flu][pop_roc]0358__1,IRMAS-TrainingData\flu\[flu][pop_roc]0358__1.wav,Flute,3
057__[flu][dru][cou_fol]0407__1,057__[flu][dru][cou_fol]0407__1,IRMAS-TrainingData\flu\057__[flu][dru][cou_fol]0407__1.wav,Flute,3
[flu][cla]0368__3,[flu][cla]0368__3,IRMAS-TrainingData\flu\[flu][cla]0368__3.wav,Flute,3
[flu][pop_roc]0424__2,[flu][pop_roc]0424__2,IRMAS-TrainingData\flu\[flu][pop_roc]0424__2.wav,Flute,3
[flu][pop_roc]0483__1,[flu][pop_roc]0483__1,IRMAS-TrainingData\flu\[flu][pop_roc]0483__1.wav,Flute,3
[flu][cla]0348__3,[flu][cla]0348__3,IRMAS-TrainingData\flu\[flu][cla]0348__3.wav,Flute,3
[flu][jaz_blu]0503__2,[flu][jaz_blu]0503__2,IRMAS-TrainingData\flu\[flu][jaz_blu]0503__2.wav,Flute,3
[flu][pop_roc]0375__3,[flu][pop_roc]0375__3,IRMAS-TrainingData\flu\[flu][pop_roc]0375__3.wav,Flute,3
[flu][jaz_blu]0447__1,[flu][jaz_blu]0447__1,IRMAS-TrainingData\flu\[flu][jaz_blu]0447__1.wav,Flute,3
[flu][cla]0347__1,[flu][cla]0347__1,IRMAS-TrainingData\flu\[flu][cla]0347__1.wav,Flute,3
033__[flu][dru][cou_fol]0415__1,033__[flu][dru][cou_fol]0415__1,IRMAS-TrainingData\flu\033__[flu][dru][cou_fol]0415__1.wav,Flute,3
[flu][pop_roc]0477__2,[flu][pop_roc]0477__2,IRMAS-TrainingData\flu\[flu][pop_roc]0477__2.wav,Flute,3
[flu][cla]0355__2,[flu][cla]0355__2,IRMAS-TrainingData\flu\[flu][cla]0355__2.wav,Flute,3
[flu][cla]0400__3,[flu][cla]0400__3,IRMAS-TrainingData\flu\[flu][cla]0400__3.wav,Flute,3
018__[flu][nod][pop_roc]0421__2,018__[flu][nod][pop_roc]0421__2,IRMAS-TrainingData\flu\018__[flu][nod][pop_roc]0421__2.wav,Flute,3
[flu][cla]0441__3,[flu][cla]0441__3,IRMAS-TrainingData\flu\[flu][cla]0441__3.wav,Flute,3
151__[flu][dru][jaz_blu]0418__1,151__[flu][dru][jaz_blu]0418__1,IRMAS-TrainingData\flu\151__[flu][dru][jaz_blu]0418__1.wav,Flute,3
[flu][pop_roc]0465__2,[flu][pop_roc]0465__2,IRMAS-TrainingData\flu\[flu][pop_roc]0465__2.wav,Flute,3
[flu][pop_roc]0482__3,[flu][pop_roc]0482__3,IRMAS-TrainingData\flu\[flu][pop_roc]0482__3.wav,Flute,3
[flu][pop_roc]0365__2,[flu][pop_roc]0365__2,IRMAS-TrainingData\flu\[flu][pop_roc]0365__2.wav,Flute,3
[flu][pop_roc]0490__1,[flu][pop_roc]0490__1,IRMAS-TrainingData\flu\[flu][pop_roc]0490__1.wav,Flute,3
[flu][cla]0353__2,[flu][cla]0353__2,IRMAS-TrainingData\flu\[flu][cla]0353__2.wav,Flute,3
[flu][pop_roc]0365__3,[flu][pop_roc]0365__3,IRMAS-TrainingData\flu\[flu][pop_roc]0365__3.wav,Flute,3
[flu][pop_roc]0472__3,[flu][pop_roc]0472__3,IRMAS-TrainingData\flu\[flu][pop_roc]0472__3.wav,Flute,3
[flu][jaz_blu]0452__1,[flu][jaz_blu]0452__1,IRMAS-TrainingData\flu\[flu][jaz_blu]0452__1.wav,Flute,3
[flu][pop_roc]0387__1,[flu][pop_roc]0387__1,IRMAS-TrainingData\flu\[flu][pop_roc]0387__1.wav,Flute,3
[flu][jaz_blu]0380__1,[flu][jaz_blu]0380__1,IRMAS-TrainingData\flu\[flu][jaz_blu]0380__1.wav,Flute,3
[flu][jaz_blu]0446__3,[flu][jaz_blu]0446__3,IRMAS-TrainingData\flu\[flu][jaz_blu]0446__3.wav,Flute,3
[flu][jaz_blu]0444__3,[flu][jaz_blu]0444__3,IRMAS-TrainingData\flu\[flu][jaz_blu]0444__3.wav,Flute,3
[flu][cla]0382__3,[flu][cla]0382__3,IRMAS-TrainingData\flu\[flu][cla]0382__3.wav,Flute,3
[flu][jaz_blu]0432__1,[flu][jaz_blu]0432__1,IRMAS-TrainingData\flu\[flu][jaz_blu]0432__1.wav,Flute,3
[flu][cla]0351__1,[flu][cla]0351__1,IRMAS-TrainingData\flu\[flu][cla]0351__1.wav,Flute,3
[flu][cla]0437__2,[flu][cla]0437__2,IRMAS-TrainingData\flu\[flu][cla]0437__2.wav,Flute,3
[flu][cla]0366__2,[flu][cla]0366__2,IRMAS-TrainingData\flu\[flu][cla]0366__2.wav,Flute,3
[flu][cla]0349__2,[flu][cla]0349__2,IRMAS-TrainingData\flu\[flu][cla]0349__2.wav,Flute,3
093__[flu][dru][pop_roc]0420__1,093__[flu][dru][pop_roc]0420__1,IRMAS-TrainingData\flu\093__[flu][dru][pop_roc]0420__1.wav,Flute,3
[flu][cla]0391__3,[flu][cla]0391__3,IRMAS-TrainingData\flu\[flu][cla]0391__3.wav,Flute,3
[flu][pop_roc]0486__3,[flu][pop_roc]0486__3,IRMAS-TrainingData\flu\[flu][pop_roc]0486__3.wav,Flute,3
[flu][cla]0428__1,[flu][cla]0428__1,IRMAS-TrainingData\flu\[flu][cla]0428__1.wav,Flute,3
[flu][pop_roc]0388__3,[flu][pop_roc]0388__3,IRMAS-TrainingData\flu\[flu][pop_roc]0388__3.wav,Flute,3
[flu][cla]0439__2,[flu][cla]0439__2,IRMAS-TrainingData\flu\[flu][cla]0439__2.wav,Flute,3
[flu][jaz_blu]0501__1,[flu][jaz_blu]0501__1,IRMAS-TrainingData\flu\[flu][jaz_blu]0501__1.wav,Flute,3
[flu][cla]0349__1,[flu][cla]0349__1,IRMAS-TrainingData\flu\[flu][cla]0349__1.wav,Flute,3
[flu][pop_roc]0487__3,[flu][pop_roc]0487__3,IRMAS-TrainingData\flu\[flu][pop_roc]0487__3.wav,Flute,3
[flu][jaz_blu]0499__2,[flu][jaz_blu]0499__2,IRMAS-TrainingData\flu\[flu][jaz_blu]0499__2.wav,Flute,3
[flu][pop_roc]0424__1,[flu][pop_roc]0424__1,IRMAS-TrainingData\flu\[flu][pop_roc]0424__1.wav,Flute,3
[flu][pop_roc]0467__1,[flu][pop_roc]0467__1,IRMAS-TrainingData\flu\[flu][pop_roc]0467__1.wav,Flute,3
[flu][pop_roc]0424__3,[flu][pop_roc]0424__3,IRMAS-TrainingData\flu\[flu][pop_roc]0424__3.wav,Flute,3
[flu][jaz_blu]0380__3,[flu][jaz_blu]0380__3,IRMAS-TrainingData\flu\[flu][jaz_blu]0380__3.wav,Flute,3
[flu][cla]0396__3,[flu][cla]0396__3,IRMAS-TrainingData\flu\[flu][cla]0396__3.wav,Flute,3
[flu][cla]0396__1,[flu][cla]0396__1,IRMAS-TrainingData\flu\[flu][cla]0396__1.wav,Flute,3
[flu][pop_roc]0483__3,[flu][pop_roc]0483__3,IRMAS-TrainingData\flu\[flu][pop_roc]0483__3.wav,Flute,3
[flu][cla]0383__1,[flu][cla]0383__1,IRMAS-TrainingData\flu\[flu][cla]0383__1.wav,Flute,3
[flu][pop_roc]0374__1,[flu][pop_roc]0374__1,IRMAS-TrainingData\flu\[flu][pop_roc]0374__1.wav,Flute,3
[flu][pop_roc]0476__2,[flu][pop_roc]0476__2,IRMAS-TrainingData\flu\[flu][pop_roc]0476__2.wav,Flute,3
[flu][cla]0376__1,[flu][cla]0376__1,IRMAS-TrainingData\flu\[flu][cla]0376__1.wav,Flute,3
[flu][pop_roc]0364__2,[flu][pop_roc]0364__2,IRMAS-TrainingData\flu\[flu][pop_roc]0364__2.wav,Flute,3
[flu][cla]0382__2,[flu][cla]0382__2,IRMAS-TrainingData\flu\[flu][cla]0382__2.wav,Flute,3
[flu][pop_roc]0477__1,[flu][pop_roc]0477__1,IRMAS-TrainingData\flu\[flu][pop_roc]0477__1.wav,Flute,3
[flu][cla]0359__1,[flu][cla]0359__1,IRMAS-TrainingData\flu\[flu][cla]0359__1.wav,Flute,3
[flu][jaz_blu]0451__1,[flu][jaz_blu]0451__1,IRMAS-TrainingData\flu\[flu][jaz_blu]0451__1.wav,Flute,3
[flu][cla]0437__1,[flu][cla]0437__1,IRMAS-TrainingData\flu\[flu][cla]0437__1.wav,Flute,3
[flu][jaz_blu]0454__3,[flu][jaz_blu]0454__3,IRMAS-TrainingData\flu\[flu][jaz_blu]0454__3.wav,Flute,3
[flu][jaz_blu]0494__2,[flu][jaz_blu]0494__2,IRMAS-TrainingData\flu\[flu][jaz_blu]0494__2.wav,Flute,3
[flu][cla]0376__3,[flu][cla]0376__3,IRMAS-TrainingData\flu\[flu][cla]0376__3.wav,Flute,3
[flu][jaz_blu]0504__3,[flu][jaz_blu]0504__3,IRMAS-TrainingData\flu\[flu][jaz_blu]0504__3.wav,Flute,3
[flu][jaz_blu]0403__2,[flu][jaz_blu]0403__2,IRMAS-TrainingData\flu\[flu][jaz_blu]0403__2.wav,Flute,3
151__[flu][dru][jaz_blu]0418__2,151__[flu][dru][jaz_blu]0418__2,IRMAS-TrainingData\flu\151__[flu][dru][jaz_blu]0418__2.wav,Flute,3
[flu][jaz_blu]0513__3,[flu][jaz_blu]0513__3,IRMAS-TrainingData\flu\[flu][jaz_blu]0513__3.wav,Flute,3
[flu][cla]0346__3,[flu][cla]0346__3,IRMAS-TrainingData\flu\[flu][cla]0346__3.wav,Flute,3
[flu][cla]0394__2,[flu][cla]0394__2,IRMAS-TrainingData\flu\[flu][cla]0394__2.wav,Flute,3
[flu][cla]0366__3,[flu][cla]0366__3,IRMAS-TrainingData\flu\[flu][cla]0366__3.wav,Flute,3
[flu][pop_roc]0488__2,[flu][pop_roc]0488__2,IRMAS-TrainingData\flu\[flu][pop_roc]0488__2.wav,Flute,3
[flu][pop_roc]0484__3,[flu][pop_roc]0484__3,IRMAS-TrainingData\flu\[flu][pop_roc]0484__3.wav,Flute,3
[flu][cla]0438__2,[flu][cla]0438__2,IRMAS-TrainingData\flu\[flu][cla]0438__2.wav,Flute,3
[flu][cla]0369__1,[flu][cla]0369__1,IRMAS-TrainingData\flu\[flu][cla]0369__1.wav,Flute,3
030__[flu][nod][cla]0373__1,030__[flu][nod][cla]0373__1,IRMAS-TrainingData\flu\030__[flu][nod][cla]0373__1.wav,Flute,3
[flu][jaz_blu]0461__3,[flu][jaz_blu]0461__3,IRMAS-TrainingData\flu\[flu][jaz_blu]0461__3.wav,Flute,3
[flu][cla]0434__2,[flu][cla]0434__2,IRMAS-TrainingData\flu\[flu][cla]0434__2.wav,Flute,3
[flu][cla]0378__2,[flu][cla]0378__2,IRMAS-TrainingData\flu\[flu][cla]0378__2.wav,Flute,3
[flu][cla]0430__1,[flu][cla]0430__1,IRMAS-TrainingData\flu\[flu][cla]0430__1.wav,Flute,3
[flu][cla]0441__2,[flu][cla]0441__2,IRMAS-TrainingData\flu\[flu][cla]0441__2.wav,Flute,3
[flu][jaz_blu]0455__1,[flu][jaz_blu]0455__1,IRMAS-TrainingData\flu\[flu][jaz_blu]0455__1.wav,Flute,3
[flu][jaz_blu]0405__1,[flu][jaz_blu]0405__1,IRMAS-TrainingData\flu\[flu][jaz_blu]0405__1.wav,Flute,3
[flu][cla]0426__1,[flu][cla]0426__1,IRMAS-TrainingData\flu\[flu][cla]0426__1.wav,Flute,3
[flu][cla]0439__3,[flu][cla]0439__3,IRMAS-TrainingData\flu\[flu][cla]0439__3.wav,Flute,3
[flu][cla]0425__1,[flu][cla]0425__1,IRMAS-TrainingData\flu\[flu][cla]0425__1.wav,Flute,3
[flu][jaz_blu]0450__1,[flu][jaz_blu]0450__1,IRMAS-TrainingData\flu\[flu][jaz_blu]0450__1.wav,Flute,3
[flu][cla]0383__2,[flu][cla]0383__2,IRMAS-TrainingData\flu\[flu][cla]0383__2.wav,Flute,3
024__[flu][nod][cla]0355__1,024__[flu][nod][cla]0355__1,IRMAS-TrainingData\flu\024__[flu][nod][cla]0355__1.wav,Flute,3
061__[flu][dru][pop_roc]0419__1,061__[flu][dru][pop_roc]0419__1,IRMAS-TrainingData\flu\061__[flu][dru][pop_roc]0419__1.wav,Flute,3
[flu][pop_roc]0372__1,[flu][pop_roc]0372__1,IRMAS-TrainingData\flu\[flu][pop_roc]0372__1.wav,Flute,3
[flu][cla]0397__1,[flu][cla]0397__1,IRMAS-TrainingData\flu\[flu][cla]0397__1.wav,Flute,3
[flu][pop_roc]0406__1,[flu][pop_roc]0406__1,IRMAS-TrainingData\flu\[flu][pop_roc]0406__1.wav,Flute,3
051__[flu][nod][cou_fol]0413__3,051__[flu][nod][cou_fol]0413__3,IRMAS-TrainingData\flu\051__[flu][nod][cou_fol]0413__3.wav,Flute,3
[flu][cla]0373__2,[flu][cla]0373__2,IRMAS-TrainingData\flu\[flu][cla]0373__2.wav,Flute,3
[flu][cla]0438__3,[flu][cla]0438__3,IRMAS-TrainingData\flu\[flu][cla]0438__3.wav,Flute,3
[flu][cla]0389__1,[flu][cla]0389__1,IRMAS-TrainingData\flu\[flu][cla]0389__1.wav,Flute,3
[flu][jaz_blu]0405__3,[flu][jaz_blu]0405__3,IRMAS-TrainingData\flu\[flu][jaz_blu]0405__3.wav,Flute,3
009__[flu][nod][cou_fol]0410__1,009__[flu][nod][cou_fol]0410__1,IRMAS-TrainingData\flu\009__[flu][nod][cou_fol]0410__1.wav,Flute,3
[flu][cla]0431__2,[flu][cla]0431__2,IRMAS-TrainingData\flu\[flu][cla]0431__2.wav,Flute,3
[flu][pop_roc]0406__3,[flu][pop_roc]0406__3,IRMAS-TrainingData\flu\[flu][pop_roc]0406__3.wav,Flute,3
[flu][pop_roc]0395__1,[flu][pop_roc]0395__1,IRMAS-TrainingData\flu\[flu][pop_roc]0395__1.wav,Flute,3
[flu][cla]0425__2,[flu][cla]0425__2,IRMAS-TrainingData\flu\[flu][cla]0425__2.wav,Flute,3
105__[flu][nod][cou_fol]0414__2,105__[flu][nod][cou_fol]0414__2,IRMAS-TrainingData\flu\105__[flu][nod][cou_fol]0414__2.wav,Flute,3
040__[flu][nod][cou_fol]0409__3,040__[flu][nod][cou_fol]0409__3,IRMAS-TrainingData\flu\040__[flu][nod][cou_fol]0409__3.wav,Flute,3
[flu][cla]0378__1,[flu][cla]0378__1,IRMAS-TrainingData\flu\[flu][cla]0378__1.wav,Flute,3
[flu][pop_roc]0491__2,[flu][pop_roc]0491__2,IRMAS-TrainingData\flu\[flu][pop_roc]0491__2.wav,Flute,3
[flu][cla]0359__2,[flu][cla]0359__2,IRMAS-TrainingData\flu\[flu][cla]0359__2.wav,Flute,3
[flu][jaz_blu]0458__3,[flu][jaz_blu]0458__3,IRMAS-TrainingData\flu\[flu][jaz_blu]0458__3.wav,Flute,3
[flu][cla]0429__1,[flu][cla]0429__1,IRMAS-TrainingData\flu\[flu][cla]0429__1.wav,Flute,3
[flu][pop_roc]0466__3,[flu][pop_roc]0466__3,IRMAS-TrainingData\flu\[flu][pop_roc]0466__3.wav,Flute,3
[flu][pop_roc]0379__3,[flu][pop_roc]0379__3,IRMAS-TrainingData\flu\[flu][pop_roc]0379__3.wav,Flute,3
[flu][pop_roc]0360__3,[flu][pop_roc]0360__3,IRMAS-TrainingData\flu\[flu][pop_roc]0360__3.wav,Flute,3
[flu][cla]0439__1,[flu][cla]0439__1,IRMAS-TrainingData\flu\[flu][cla]0439__1.wav,Flute,3
[flu][cla]0427__1,[flu][cla]0427__1,IRMAS-TrainingData\flu\[flu][cla]0427__1.wav,Flute,3
[flu][jaz_blu]0462__1,[flu][jaz_blu]0462__1,IRMAS-TrainingData\flu\[flu][jaz_blu]0462__1.wav,Flute,3
[flu][pop_roc]0356__1,[flu][pop_roc]0356__1,IRMAS-TrainingData\flu\[flu][pop_roc]0356__1.wav,Flute,3
[flu][jaz_blu]0381__2,[flu][jaz_blu]0381__2,IRMAS-TrainingData\flu\[flu][jaz_blu]0381__2.wav,Flute,3
[flu][cla]0401__1,[flu][cla]0401__1,IRMAS-TrainingData\flu\[flu][cla]0401__1.wav,Flute,3
[flu][jaz_blu]0453__2,[flu][jaz_blu]0453__2,IRMAS-TrainingData\flu\[flu][jaz_blu]0453__2.wav,Flute,3
[flu][cla]0390__2,[flu][cla]0390__2,IRMAS-TrainingData\flu\[flu][cla]0390__2.wav,Flute,3
[flu][cla]0440__2,[flu][cla]0440__2,IRMAS-TrainingData\flu\[flu][cla]0440__2.wav,Flute,3
[flu][cla]0400__2,[flu][cla]0400__2,IRMAS-TrainingData\flu\[flu][cla]0400__2.wav,Flute,3
040__[flu][nod][cou_fol]0409__1,040__[flu][nod][cou_fol]0409__1,IRMAS-TrainingData\flu\040__[flu][nod][cou_fol]0409__1.wav,Flute,3
[flu][jaz_blu]0456__2,[flu][jaz_blu]0456__2,IRMAS-TrainingData\flu\[flu][jaz_blu]0456__2.wav,Flute,3
[flu][jaz_blu]0501__2,[flu][jaz_blu]0501__2,IRMAS-TrainingData\flu\[flu][jaz_blu]0501__2.wav,Flute,3
[flu][cla]0350__3,[flu][cla]0350__3,IRMAS-TrainingData\flu\[flu][cla]0350__3.wav,Flute,3
[flu][jaz_blu]0457__1,[flu][jaz_blu]0457__1,IRMAS-TrainingData\flu\[flu][jaz_blu]0457__1.wav,Flute,3
051__[flu][nod][cou_fol]0413__1,051__[flu][nod][cou_fol]0413__1,IRMAS-TrainingData\flu\051__[flu][nod][cou_fol]0413__1.wav,Flute,3
[flu][cla]0373__1,[flu][cla]0373__1,IRMAS-TrainingData\flu\[flu][cla]0373__1.wav,Flute,3
[flu][cla]0438__1,[flu][cla]0438__1,IRMAS-TrainingData\flu\[flu][cla]0438__1.wav,Flute,3
[flu][cla]0401__3,[flu][cla]0401__3,IRMAS-TrainingData\flu\[flu][cla]0401__3.wav,Flute,3
[flu][cla]0373__3,[flu][cla]0373__3,IRMAS-TrainingData\flu\[flu][cla]0373__3.wav,Flute,3
139__[flu][nod][cou_fol]0411__2,139__[flu][nod][cou_fol]0411__2,IRMAS-TrainingData\flu\139__[flu][nod][cou_fol]0411__2.wav,Flute,3
[flu][jaz_blu]0446__2,[flu][jaz_blu]0446__2,IRMAS-TrainingData\flu\[flu][jaz_blu]0446__2.wav,Flute,3
[flu][jaz_blu]0458__2,[flu][jaz_blu]0458__2,IRMAS-TrainingData\flu\[flu][jaz_blu]0458__2.wav,Flute,3
[flu][pop_roc]0466__2,[flu][pop_roc]0466__2,IRMAS-TrainingData\flu\[flu][pop_roc]0466__2.wav,Flute,3
[flu][cla]0357__2,[flu][cla]0357__2,IRMAS-TrainingData\flu\[flu][cla]0357__2.wav,Flute,3
[flu][jaz_blu]0459__3,[flu][jaz_blu]0459__3,IRMAS-TrainingData\flu\[flu][jaz_blu]0459__3.wav,Flute,3
[flu][cla]0351__2,[flu][cla]0351__2,IRMAS-TrainingData\flu\[flu][cla]0351__2.wav,Flute,3
[flu][cla]0362__2,[flu][cla]0362__2,IRMAS-TrainingData\flu\[flu][cla]0362__2.wav,Flute,3
[flu][cla]0363__3,[flu][cla]0363__3,IRMAS-TrainingData\flu\[flu][cla]0363__3.wav,Flute,3
[tru][pop_roc]1917__3,[tru][pop_roc]1917__3,IRMAS-TrainingData\tru\[tru][pop_roc]1917__3.wav,Trumpet,4
[tru][cla]2013__1,[tru][cla]2013__1,IRMAS-TrainingData\tru\[tru][cla]2013__1.wav,Trumpet,4
[tru][jaz_blu]1932__1,[tru][jaz_blu]1932__1,IRMAS-TrainingData\tru\[tru][jaz_blu]1932__1.wav,Trumpet,4
[tru][pop_roc]2044__3,[tru][pop_roc]2044__3,IRMAS-TrainingData\tru\[tru][pop_roc]2044__3.wav,Trumpet,4
[tru][pop_roc]1882__3,[tru][pop_roc]1882__3,IRMAS-TrainingData\tru\[tru][pop_roc]1882__3.wav,Trumpet,4
[tru][cla]2062__2,[tru][cla]2062__2,IRMAS-TrainingData\tru\[tru][cla]2062__2.wav,Trumpet,4
[tru][cla]2058__1,[tru][cla]2058__1,IRMAS-TrainingData\tru\[tru][cla]2058__1.wav,Trumpet,4
[tru][cla]2060__3,[tru][cla]2060__3,IRMAS-TrainingData\tru\[tru][cla]2060__3.wav,Trumpet,4
[tru][cla]1907__1,[tru][cla]1907__1,IRMAS-TrainingData\tru\[tru][cla]1907__1.wav,Trumpet,4
[tru][jaz_blu]2030__1,[tru][jaz_blu]2030__1,IRMAS-TrainingData\tru\[tru][jaz_blu]2030__1.wav,Trumpet,4
[tru][jaz_blu]1926__3,[tru][jaz_blu]1926__3,IRMAS-TrainingData\tru\[tru][jaz_blu]1926__3.wav,Trumpet,4
[tru][pop_roc]1999__2,[tru][pop_roc]1999__2,IRMAS-TrainingData\tru\[tru][pop_roc]1999__2.wav,Trumpet,4
[tru][cla]2012__1,[tru][cla]2012__1,IRMAS-TrainingData\tru\[tru][cla]2012__1.wav,Trumpet,4
[tru][jaz_blu]1916__3,[tru][jaz_blu]1916__3,IRMAS-TrainingData\tru\[tru][jaz_blu]1916__3.wav,Trumpet,4
[tru][pop_roc]1955__1,[tru][pop_roc]1955__1,IRMAS-TrainingData\tru\[tru][pop_roc]1955__1.wav,Trumpet,4
[tru][jaz_blu]1935__2,[tru][jaz_blu]1935__2,IRMAS-TrainingData\tru\[tru][jaz_blu]1935__2.wav,Trumpet,4
[tru][pop_roc]1950__2,[tru][pop_roc]1950__2,IRMAS-TrainingData\tru\[tru][pop_roc]1950__2.wav,Trumpet,4
[tru][jaz_blu]1935__3,[tru][jaz_blu]1935__3,IRMAS-TrainingData\tru\[tru][jaz_blu]1935__3.wav,Trumpet,4
055__[tru][dru][jaz_blu]1988__1,055__[tru][dru][jaz_blu]1988__1,IRMAS-TrainingData\tru\055__[tru][dru][jaz_blu]1988__1.wav,Trumpet,4
[tru][pop_roc]1958__2,[tru][pop_roc]1958__2,IRMAS-TrainingData\tru\[tru][pop_roc]1958__2.wav,Trumpet,4
[tru][jaz_blu]1957__3,[tru][jaz_blu]1957__3,IRMAS-TrainingData\tru\[tru][jaz_blu]1957__3.wav,Trumpet,4
[tru][cla]2033__3,[tru][cla]2033__3,IRMAS-TrainingData\tru\[tru][cla]2033__3.wav,Trumpet,4
[tru][cla]1904__2,[tru][cla]1904__2,IRMAS-TrainingData\tru\[tru][cla]1904__2.wav,Trumpet,4
[tru][pop_roc]1922__2,[tru][pop_roc]1922__2,IRMAS-TrainingData\tru\[tru][pop_roc]1922__2.wav,Trumpet,4
[tru][jaz_blu]2017__2,[tru][jaz_blu]2017__2,IRMAS-TrainingData\tru\[tru][jaz_blu]2017__2.wav,Trumpet,4
[tru][jaz_blu]1963__3,[tru][jaz_blu]1963__3,IRMAS-TrainingData\tru\[tru][jaz_blu]1963__3.wav,Trumpet,4
[tru][pop_roc]1902__1,[tru][pop_roc]1902__1,IRMAS-TrainingData\tru\[tru][pop_roc]1902__1.wav,Trumpet,4
[tru][jaz_blu]1934__1,[tru][jaz_blu]1934__1,IRMAS-TrainingData\tru\[tru][jaz_blu]1934__1.wav,Trumpet,4
[tru][pop_roc]1947__2,[tru][pop_roc]1947__2,IRMAS-TrainingData\tru\[tru][pop_roc]1947__2.wav,Trumpet,4
[tru][jaz_blu]1965__3,[tru][jaz_blu]1965__3,IRMAS-TrainingData\tru\[tru][jaz_blu]1965__3.wav,Trumpet,4
[tru][jaz_blu]1880__3,[tru][jaz_blu]1880__3,IRMAS-TrainingData\tru\[tru][jaz_blu]1880__3.wav,Trumpet,4
[tru][jaz_blu]2030__3,[tru][jaz_blu]2030__3,IRMAS-TrainingData\tru\[tru][jaz_blu]2030__3.wav,Trumpet,4
[tru][pop_roc]1993__2,[tru][pop_roc]1993__2,IRMAS-TrainingData\tru\[tru][pop_roc]1993__2.wav,Trumpet,4
[tru][cla]1940__1,[tru][cla]1940__1,IRMAS-TrainingData\tru\[tru][cla]1940__1.wav,Trumpet,4
[tru][jaz_blu]1925__2,[tru][jaz_blu]1925__2,IRMAS-TrainingData\tru\[tru][jaz_blu]1925__2.wav,Trumpet,4
[tru][jaz_blu]2029__3,[tru][jaz_blu]2029__3,IRMAS-TrainingData\tru\[tru][jaz_blu]2029__3.wav,Trumpet,4
[tru][jaz_blu]2022__1,[tru][jaz_blu]2022__1,IRMAS-TrainingData\tru\[tru][jaz_blu]2022__1.wav,Trumpet,4
[tru][jaz_blu]1962__2,[tru][jaz_blu]1962__2,IRMAS-TrainingData\tru\[tru][jaz_blu]1962__2.wav,Trumpet,4
[tru][pop_roc]2043__2,[tru][pop_roc]2043__2,IRMAS-TrainingData\tru\[tru][pop_roc]2043__2.wav,Trumpet,4
144__[tru][dru][jaz_blu]1983__2,144__[tru][dru][jaz_blu]1983__2,IRMAS-TrainingData\tru\144__[tru][dru][jaz_blu]1983__2.wav,Trumpet,4
[tru][jaz_blu]2057__3,[tru][jaz_blu]2057__3,IRMAS-TrainingData\tru\[tru][jaz_blu]2057__3.wav,Trumpet,4
[tru][jaz_blu]1949__2,[tru][jaz_blu]1949__2,IRMAS-TrainingData\tru\[tru][jaz_blu]1949__2.wav,Trumpet,4
051__[tru][nod][jaz_blu]1989__3,051__[tru][nod][jaz_blu]1989__3,IRMAS-TrainingData\tru\051__[tru][nod][jaz_blu]1989__3.wav,Trumpet,4
[tru][cla]1883__1,[tru][cla]1883__1,IRMAS-TrainingData\tru\[tru][cla]1883__1.wav,Trumpet,4
[tru][pop_roc]1999__1,[tru][pop_roc]1999__1,IRMAS-TrainingData\tru\[tru][pop_roc]1999__1.wav,Trumpet,4
[tru][jaz_blu]1957__2,[tru][jaz_blu]1957__2,IRMAS-TrainingData\tru\[tru][jaz_blu]1957__2.wav,Trumpet,4
[tru][jaz_blu]1916__1,[tru][jaz_blu]1916__1,IRMAS-TrainingData\tru\[tru][jaz_blu]1916__1.wav,Trumpet,4
[tru][jaz_blu]2019__3,[tru][jaz_blu]2019__3,IRMAS-TrainingData\tru\[tru][jaz_blu]2019__3.wav,Trumpet,4
[tru][jaz_blu]1905__1,[tru][jaz_blu]1905__1,IRMAS-TrainingData\tru\[tru][jaz_blu]1905__1.wav,Trumpet,4
[tru][jaz_blu]1871__3,[tru][jaz_blu]1871__3,IRMAS-TrainingData\tru\[tru][jaz_blu]1871__3.wav,Trumpet,4
[tru][pop_roc]2046__3,[tru][pop_roc]2046__3,IRMAS-TrainingData\tru\[tru][pop_roc]2046__3.wav,Trumpet,4
[tru][cla]2009__3,[tru][cla]2009__3,IRMAS-TrainingData\tru\[tru][cla]2009__3.wav,Trumpet,4
[tru][cla]1929__2,[tru][cla]1929__2,IRMAS-TrainingData\tru\[tru][cla]1929__2.wav,Trumpet,4
[tru][cla]1873__2,[tru][cla]1873__2,IRMAS-TrainingData\tru\[tru][cla]1873__2.wav,Trumpet,4
[tru][jaz_blu]1969__1,[tru][jaz_blu]1969__1,IRMAS-TrainingData\tru\[tru][jaz_blu]1969__1.wav,Trumpet,4
[tru][pop_roc]1922__1,[tru][pop_roc]1922__1,IRMAS-TrainingData\tru\[tru][pop_roc]1922__1.wav,Trumpet,4
[tru][cla]1870__2,[tru][cla]1870__2,IRMAS-TrainingData\tru\[tru][cla]1870__2.wav,Trumpet,4
[tru][jaz_blu]2024__1,[tru][jaz_blu]2024__1,IRMAS-TrainingData\tru\[tru][jaz_blu]2024__1.wav,Trumpet,4
[tru][cla]2007__3,[tru][cla]2007__3,IRMAS-TrainingData\tru\[tru][cla]2007__3.wav,Trumpet,4
[tru][cla]1913__1,[tru][cla]1913__1,IRMAS-TrainingData\tru\[tru][cla]1913__1.wav,Trumpet,4
[tru][pop_roc]2043__1,[tru][pop_roc]2043__1,IRMAS-TrainingData\tru\[tru][pop_roc]2043__1.wav,Trumpet,4
[tru][jaz_blu]1976__1,[tru][jaz_blu]1976__1,IRMAS-TrainingData\tru\[tru][jaz_blu]1976__1.wav,Trumpet,4
[tru][pop_roc]1896__1,[tru][pop_roc]1896__1,IRMAS-TrainingData\tru\[tru][pop_roc]1896__1.wav,Trumpet,4
[tru][pop_roc]2068__2,[tru][pop_roc]2068__2,IRMAS-TrainingData\tru\[tru][pop_roc]2068__2.wav,Trumpet,4
[tru][jaz_blu]1884__2,[tru][jaz_blu]1884__2,IRMAS-TrainingData\tru\[tru][jaz_blu]1884__2.wav,Trumpet,4
[tru][cla]2008__1,[tru][cla]2008__1,IRMAS-TrainingData\tru\[tru][cla]2008__1.wav,Trumpet,4
[tru][jaz_blu]2056__3,[tru][jaz_blu]2056__3,IRMAS-TrainingData\tru\[tru][jaz_blu]2056__3.wav,Trumpet,4
[tru][jaz_blu]1946__3,[tru][jaz_blu]1946__3,IRMAS-TrainingData\tru\[tru][jaz_blu]1946__3.wav,Trumpet,4
[tru][pop_roc]1921__1,[tru][pop_roc]1921__1,IRMAS-TrainingData\tru\[tru][pop_roc]1921__1.wav,Trumpet,4
[tru][pop_roc]1994__2,[tru][pop_roc]1994__2,IRMAS-TrainingData\tru\[tru][pop_roc]1994__2.wav,Trumpet,4
[tru][cla]2070__2,[tru][cla]2070__2,IRMAS-TrainingData\tru\[tru][cla]2070__2.wav,Trumpet,4
[tru][jaz_blu]1945__1,[tru][jaz_blu]1945__1,IRMAS-TrainingData\tru\[tru][jaz_blu]1945__1.wav,Trumpet,4
[tru][pop_roc]2039__1,[tru][pop_roc]2039__1,IRMAS-TrainingData\tru\[tru][pop_roc]2039__1.wav,Trumpet,4
[tru][pop_roc]2046__2,[tru][pop_roc]2046__2,IRMAS-TrainingData\tru\[tru][pop_roc]2046__2.wav,Trumpet,4
[tru][cla]2009__2,[tru][cla]2009__2,IRMAS-TrainingData\tru\[tru][cla]2009__2.wav,Trumpet,4
[tru][pop_roc]2035__1,[tru][pop_roc]2035__1,IRMAS-TrainingData\tru\[tru][pop_roc]2035__1.wav,Trumpet,4
[tru][cla]1909__2,[tru][cla]1909__2,IRMAS-TrainingData\tru\[tru][cla]1909__2.wav,Trumpet,4
[tru][cla]2006__3,[tru][cla]2006__3,IRMAS-TrainingData\tru\[tru][cla]2006__3.wav,Trumpet,4
[tru][pop_roc]1996__2,[tru][pop_roc]1996__2,IRMAS-TrainingData\tru\[tru][pop_roc]1996__2.wav,Trumpet,4
[tru][pop_roc]1895__1,[tru][pop_roc]1895__1,IRMAS-TrainingData\tru\[tru][pop_roc]1895__1.wav,Trumpet,4
[tru][pop_roc]1968__3,[tru][pop_roc]1968__3,IRMAS-TrainingData\tru\[tru][pop_roc]1968__3.wav,Trumpet,4
[tru][pop_roc]2066__2,[tru][pop_roc]2066__2,IRMAS-TrainingData\tru\[tru][pop_roc]2066__2.wav,Trumpet,4
[tru][jaz_blu]2064__1,[tru][jaz_blu]2064__1,IRMAS-TrainingData\tru\[tru][jaz_blu]2064__1.wav,Trumpet,4
[tru][cla]2013__3,[tru][cla]2013__3,IRMAS-TrainingData\tru\[tru][cla]2013__3.wav,Trumpet,4
[tru][jaz_blu]2027__1,[tru][jaz_blu]2027__1,IRMAS-TrainingData\tru\[tru][jaz_blu]2027__1.wav,Trumpet,4
[tru][pop_roc]1920__1,[tru][pop_roc]1920__1,IRMAS-TrainingData\tru\[tru][pop_roc]1920__1.wav,Trumpet,4
[tru][cla]2055__3,[tru][cla]2055__3,IRMAS-TrainingData\tru\[tru][cla]2055__3.wav,Trumpet,4
[tru][jaz_blu]2063__3,[tru][jaz_blu]2063__3,IRMAS-TrainingData\tru\[tru][jaz_blu]2063__3.wav,Trumpet,4
[tru][cla]1886__3,[tru][cla]1886__3,IRMAS-TrainingData\tru\[tru][cla]1886__3.wav,Trumpet,4
[tru][jaz_blu]1919__2,[tru][jaz_blu]1919__2,IRMAS-TrainingData\tru\[tru][jaz_blu]1919__2.wav,Trumpet,4
[tru][cla]1872__3,[tru][cla]1872__3,IRMAS-TrainingData\tru\[tru][cla]1872__3.wav,Trumpet,4
[tru][cla]1903__2,[tru][cla]1903__2,IRMAS-TrainingData\tru\[tru][cla]1903__2.wav,Trumpet,4
[tru][jaz_blu]2028__2,[tru][jaz_blu]2028__2,IRMAS-TrainingData\tru\[tru][jaz_blu]2028__2.wav,Trumpet,4
[tru][cla]1954__1,[tru][cla]1954__1,IRMAS-TrainingData\tru\[tru][cla]1954__1.wav,Trumpet,4
[tru][pop_roc]1917__2,[tru][pop_roc]1917__2,IRMAS-TrainingData\tru\[tru][pop_roc]1917__2.wav,Trumpet,4
[tru][jaz_blu]2000__1,[tru][jaz_blu]2000__1,IRMAS-TrainingData\tru\[tru][jaz_blu]2000__1.wav,Trumpet,4
[tru][jaz_blu]2023__1,[tru][jaz_blu]2023__1,IRMAS-TrainingData\tru\[tru][jaz_blu]2023__1.wav,Trumpet,4
[tru][jaz_blu]1997__3,[tru][jaz_blu]1997__3,IRMAS-TrainingData\tru\[tru][jaz_blu]1997__3.wav,Trumpet,4
[tru][pop_roc]2045__3,[tru][pop_roc]2045__3,IRMAS-TrainingData\tru\[tru][pop_roc]2045__3.wav,Trumpet,4
[tru][pop_roc]1901__3,[tru][pop_roc]1901__3,IRMAS-TrainingData\tru\[tru][pop_roc]1901__3.wav,Trumpet,4
[tru][pop_roc]1980__3,[tru][pop_roc]1980__3,IRMAS-TrainingData\tru\[tru][pop_roc]1980__3.wav,Trumpet,4
[tru][jaz_blu]1952__3,[tru][jaz_blu]1952__3,IRMAS-TrainingData\tru\[tru][jaz_blu]1952__3.wav,Trumpet,4
[tru][pop_roc]1998__2,[tru][pop_roc]1998__2,IRMAS-TrainingData\tru\[tru][pop_roc]1998__2.wav,Trumpet,4
[tru][cla]1879__3,[tru][cla]1879__3,IRMAS-TrainingData\tru\[tru][cla]1879__3.wav,Trumpet,4
[tru][jaz_blu]2057__2,[tru][jaz_blu]2057__2,IRMAS-TrainingData\tru\[tru][jaz_blu]2057__2.wav,Trumpet,4
[tru][jaz_blu]1880__2,[tru][jaz_blu]1880__2,IRMAS-TrainingData\tru\[tru][jaz_blu]1880__2.wav,Trumpet,4
051__[tru][nod][jaz_blu]1989__2,051__[tru][nod][jaz_blu]1989__2,IRMAS-TrainingData\tru\051__[tru][nod][jaz_blu]1989__2.wav,Trumpet,4
[tru][pop_roc]2002__1,[tru][pop_roc]2002__1,IRMAS-TrainingData\tru\[tru][pop_roc]2002__1.wav,Trumpet,4
[tru][jaz_blu]1946__1,[tru][jaz_blu]1946__1,IRMAS-TrainingData\tru\[tru][jaz_blu]1946__1.wav,Trumpet,4
[tru][cla]1893__2,[tru][cla]1893__2,IRMAS-TrainingData\tru\[tru][cla]1893__2.wav,Trumpet,4
[tru][jaz_blu]1915__1,[tru][jaz_blu]1915__1,IRMAS-TrainingData\tru\[tru][jaz_blu]1915__1.wav,Trumpet,4
[tru][cla]2070__3,[tru][cla]2070__3,IRMAS-TrainingData\tru\[tru][cla]2070__3.wav,Trumpet,4
[tru][jaz_blu]1997__2,[tru][jaz_blu]1997__2,IRMAS-TrainingData\tru\[tru][jaz_blu]1997__2.wav,Trumpet,4
[tru][jaz_blu]2027__2,[tru][jaz_blu]2027__2,IRMAS-TrainingData\tru\[tru][jaz_blu]2027__2.wav,Trumpet,4
[tru][pop_roc]1944__2,[tru][pop_roc]1944__2,IRMAS-TrainingData\tru\[tru][pop_roc]1944__2.wav,Trumpet,4
[tru][pop_roc]2036__2,[tru][pop_roc]2036__2,IRMAS-TrainingData\tru\[tru][pop_roc]2036__2.wav,Trumpet,4
[tru][jaz_blu]1961__2,[tru][jaz_blu]1961__2,IRMAS-TrainingData\tru\[tru][jaz_blu]1961__2.wav,Trumpet,4
[tru][jaz_blu]1874__1,[tru][jaz_blu]1874__1,IRMAS-TrainingData\tru\[tru][jaz_blu]1874__1.wav,Trumpet,4
[tru][pop_roc]2071__2,[tru][pop_roc]2071__2,IRMAS-TrainingData\tru\[tru][pop_roc]2071__2.wav,Trumpet,4
[tru][jaz_blu]1973__2,[tru][jaz_blu]1973__2,IRMAS-TrainingData\tru\[tru][jaz_blu]1973__2.wav,Trumpet,4
[tru][cla]2082__2,[tru][cla]2082__2,IRMAS-TrainingData\tru\[tru][cla]2082__2.wav,Trumpet,4
[tru][cla]1885__3,[tru][cla]1885__3,IRMAS-TrainingData\tru\[tru][cla]1885__3.wav,Trumpet,4
[tru][pop_roc]1959__2,[tru][pop_roc]1959__2,IRMAS-TrainingData\tru\[tru][pop_roc]1959__2.wav,Trumpet,4
[tru][cla]1977__2,[tru][cla]1977__2,IRMAS-TrainingData\tru\[tru][cla]1977__2.wav,Trumpet,4
[tru][jaz_blu]1925__1,[tru][jaz_blu]1925__1,IRMAS-TrainingData\tru\[tru][jaz_blu]1925__1.wav,Trumpet,4
104__[tru][dru][jaz_blu]1985__1,104__[tru][dru][jaz_blu]1985__1,IRMAS-TrainingData\tru\104__[tru][dru][jaz_blu]1985__1.wav,Trumpet,4
[tru][jaz_blu]1969__2,[tru][jaz_blu]1969__2,IRMAS-TrainingData\tru\[tru][jaz_blu]1969__2.wav,Trumpet,4
[tru][jaz_blu]1953__2,[tru][jaz_blu]1953__2,IRMAS-TrainingData\tru\[tru][jaz_blu]1953__2.wav,Trumpet,4
[tru][cla]2051__3,[tru][cla]2051__3,IRMAS-TrainingData\tru\[tru][cla]2051__3.wav,Trumpet,4
[tru][jaz_blu]1966__3,[tru][jaz_blu]1966__3,IRMAS-TrainingData\tru\[tru][jaz_blu]1966__3.wav,Trumpet,4
[tru][cla]1951__2,[tru][cla]1951__2,IRMAS-TrainingData\tru\[tru][cla]1951__2.wav,Trumpet,4
[tru][jaz_blu]1975__1,[tru][jaz_blu]1975__1,IRMAS-TrainingData\tru\[tru][jaz_blu]1975__1.wav,Trumpet,4
205__[tru][---][jaz_blu]1987__3,205__[tru][---][jaz_blu]1987__3,IRMAS-TrainingData\tru\205__[tru][---][jaz_blu]1987__3.wav,Trumpet,4
[tru][jaz_blu]1973__1,[tru][jaz_blu]1973__1,IRMAS-TrainingData\tru\[tru][jaz_blu]1973__1.wav,Trumpet,4
[tru][pop_roc]1937__2,[tru][pop_roc]1937__2,IRMAS-TrainingData\tru\[tru][pop_roc]1937__2.wav,Trumpet,4
[tru][pop_roc]2053__2,[tru][pop_roc]2053__2,IRMAS-TrainingData\tru\[tru][pop_roc]2053__2.wav,Trumpet,4
[tru][jaz_blu]2019__1,[tru][jaz_blu]2019__1,IRMAS-TrainingData\tru\[tru][jaz_blu]2019__1.wav,Trumpet,4
[tru][cla]2015__1,[tru][cla]2015__1,IRMAS-TrainingData\tru\[tru][cla]2015__1.wav,Trumpet,4
[tru][jaz_blu]1975__2,[tru][jaz_blu]1975__2,IRMAS-TrainingData\tru\[tru][jaz_blu]1975__2.wav,Trumpet,4
[tru][jaz_blu]1888__3,[tru][jaz_blu]1888__3,IRMAS-TrainingData\tru\[tru][jaz_blu]1888__3.wav,Trumpet,4
[tru][cla]1887__1,[tru][cla]1887__1,IRMAS-TrainingData\tru\[tru][cla]1887__1.wav,Trumpet,4
[tru][cla]1903__1,[tru][cla]1903__1,IRMAS-TrainingData\tru\[tru][cla]1903__1.wav,Trumpet,4
144__[tru][dru][jaz_blu]1983__3,144__[tru][dru][jaz_blu]1983__3,IRMAS-TrainingData\tru\144__[tru][dru][jaz_blu]1983__3.wav,Trumpet,4
141__[tru][dru][jaz_blu]1982__2,141__[tru][dru][jaz_blu]1982__2,IRMAS-TrainingData\tru\141__[tru][dru][jaz_blu]1982__2.wav,Trumpet,4
[tru][cla]2015__2,[tru][cla]2015__2,IRMAS-TrainingData\tru\[tru][cla]2015__2.wav,Trumpet,4
[tru][jaz_blu]1932__3,[tru][jaz_blu]1932__3,IRMAS-TrainingData\tru\[tru][jaz_blu]1932__3.wav,Trumpet,4
[tru][pop_roc]1902__3,[tru][pop_roc]1902__3,IRMAS-TrainingData\tru\[tru][pop_roc]1902__3.wav,Trumpet,4
[tru][cla]1881__3,[tru][cla]1881__3,IRMAS-TrainingData\tru\[tru][cla]1881__3.wav,Trumpet,4
[tru][cla]1977__3,[tru][cla]1977__3,IRMAS-TrainingData\tru\[tru][cla]1977__3.wav,Trumpet,4
[tru][jaz_blu]1946__2,[tru][jaz_blu]1946__2,IRMAS-TrainingData\tru\[tru][jaz_blu]1946__2.wav,Trumpet,4
[tru][cla]1898__2,[tru][cla]1898__2,IRMAS-TrainingData\tru\[tru][cla]1898__2.wav,Trumpet,4
[tru][jaz_blu]1875__1,[tru][jaz_blu]1875__1,IRMAS-TrainingData\tru\[tru][jaz_blu]1875__1.wav,Trumpet,4
[tru][pop_roc]1947__1,[tru][pop_roc]1947__1,IRMAS-TrainingData\tru\[tru][pop_roc]1947__1.wav,Trumpet,4
[tru][cla]2082__1,[tru][cla]2082__1,IRMAS-TrainingData\tru\[tru][cla]2082__1.wav,Trumpet,4
[tru][jaz_blu]1997__1,[tru][jaz_blu]1997__1,IRMAS-TrainingData\tru\[tru][jaz_blu]1997__1.wav,Trumpet,4
[tru][jaz_blu]2026__2,[tru][jaz_blu]2026__2,IRMAS-TrainingData\tru\[tru][jaz_blu]2026__2.wav,Trumpet,4
[tru][jaz_blu]2018__2,[tru][jaz_blu]2018__2,IRMAS-TrainingData\tru\[tru][jaz_blu]2018__2.wav,Trumpet,4
[tru][pop_roc]2066__1,[tru][pop_roc]2066__1,IRMAS-TrainingData\tru\[tru][pop_roc]2066__1.wav,Trumpet,4
[tru][jaz_blu]1891__2,[tru][jaz_blu]1891__2,IRMAS-TrainingData\tru\[tru][jaz_blu]1891__2.wav,Trumpet,4
[tru][jaz_blu]1961__3,[tru][jaz_blu]1961__3,IRMAS-TrainingData\tru\[tru][jaz_blu]1961__3.wav,Trumpet,4
[tru][pop_roc]1918__1,[tru][pop_roc]1918__1,IRMAS-TrainingData\tru\[tru][pop_roc]1918__1.wav,Trumpet,4
[tru][jaz_blu]2023__3,[tru][jaz_blu]2023__3,IRMAS-TrainingData\tru\[tru][jaz_blu]2023__3.wav,Trumpet,4
[tru][cla]1906__3,[tru][cla]1906__3,IRMAS-TrainingData\tru\[tru][cla]1906__3.wav,Trumpet,4
[tru][jaz_blu]1889__3,[tru][jaz_blu]1889__3,IRMAS-TrainingData\tru\[tru][jaz_blu]1889__3.wav,Trumpet,4
[tru][jaz_blu]1976__2,[tru][jaz_blu]1976__2,IRMAS-TrainingData\tru\[tru][jaz_blu]1976__2.wav,Trumpet,4
[tru][pop_roc]2041__2,[tru][pop_roc]2041__2,IRMAS-TrainingData\tru\[tru][pop_roc]2041__2.wav,Trumpet,4
[tru][pop_roc]2078__1,[tru][pop_roc]2078__1,IRMAS-TrainingData\tru\[tru][pop_roc]2078__1.wav,Trumpet,4
[tru][jaz_blu]1967__3,[tru][jaz_blu]1967__3,IRMAS-TrainingData\tru\[tru][jaz_blu]1967__3.wav,Trumpet,4
[tru][jaz_blu]1888__2,[tru][jaz_blu]1888__2,IRMAS-TrainingData\tru\[tru][jaz_blu]1888__2.wav,Trumpet,4
[tru][cla]2011__1,[tru][cla]2011__1,IRMAS-TrainingData\tru\[tru][cla]2011__1.wav,Trumpet,4
108__[tru][dru][jaz_blu]1990__2,108__[tru][dru][jaz_blu]1990__2,IRMAS-TrainingData\tru\108__[tru][dru][jaz_blu]1990__2.wav,Trumpet,4
[tru][pop_roc]2047__3,[tru][pop_roc]2047__3,IRMAS-TrainingData\tru\[tru][pop_roc]2047__3.wav,Trumpet,4
[tru][pop_roc]1895__2,[tru][pop_roc]1895__2,IRMAS-TrainingData\tru\[tru][pop_roc]1895__2.wav,Trumpet,4
[tru][cla]1940__3,[tru][cla]1940__3,IRMAS-TrainingData\tru\[tru][cla]1940__3.wav,Trumpet,4
[tru][jaz_blu]1908__1,[tru][jaz_blu]1908__1,IRMAS-TrainingData\tru\[tru][jaz_blu]1908__1.wav,Trumpet,4
[tru][pop_roc]1999__3,[tru][pop_roc]1999__3,IRMAS-TrainingData\tru\[tru][pop_roc]1999__3.wav,Trumpet,4
[tru][pop_roc]1900__1,[tru][pop_roc]1900__1,IRMAS-TrainingData\tru\[tru][pop_roc]1900__1.wav,Trumpet,4
[tru][cla]2062__3,[tru][cla]2062__3,IRMAS-TrainingData\tru\[tru][cla]2062__3.wav,Trumpet,4
[tru][pop_roc]2049__2,[tru][pop_roc]2049__2,IRMAS-TrainingData\tru\[tru][pop_roc]2049__2.wav,Trumpet,4
[tru][jaz_blu]2001__3,[tru][jaz_blu]2001__3,IRMAS-TrainingData\tru\[tru][jaz_blu]2001__3.wav,Trumpet,4
[tru][pop_roc]1944__3,[tru][pop_roc]1944__3,IRMAS-TrainingData\tru\[tru][pop_roc]1944__3.wav,Trumpet,4
[tru][jaz_blu]1948__2,[tru][jaz_blu]1948__2,IRMAS-TrainingData\tru\[tru][jaz_blu]1948__2.wav,Trumpet,4
[tru][jaz_blu]1974__3,[tru][jaz_blu]1974__3,IRMAS-TrainingData\tru\[tru][jaz_blu]1974__3.wav,Trumpet,4
[tru][cla]2062__1,[tru][cla]2062__1,IRMAS-TrainingData\tru\[tru][cla]2062__1.wav,Trumpet,4
205__[tru][---][jaz_blu]1987__2,205__[tru][---][jaz_blu]1987__2,IRMAS-TrainingData\tru\205__[tru][---][jaz_blu]1987__2.wav,Trumpet,4
[tru][pop_roc]1959__1,[tru][pop_roc]1959__1,IRMAS-TrainingData\tru\[tru][pop_roc]1959__1.wav,Trumpet,4
[tru][cla]2010__1,[tru][cla]2010__1,IRMAS-TrainingData\tru\[tru][cla]2010__1.wav,Trumpet,4
[tru][cla]1923__3,[tru][cla]1923__3,IRMAS-TrainingData\tru\[tru][cla]1923__3.wav,Trumpet,4
[tru][cla]1893__1,[tru][cla]1893__1,IRMAS-TrainingData\tru\[tru][cla]1893__1.wav,Trumpet,4
[tru][pop_roc]1895__3,[tru][pop_roc]1895__3,IRMAS-TrainingData\tru\[tru][pop_roc]1895__3.wav,Trumpet,4
[tru][pop_roc]1955__2,[tru][pop_roc]1955__2,IRMAS-TrainingData\tru\[tru][pop_roc]1955__2.wav,Trumpet,4
[tru][jaz_blu]1978__3,[tru][jaz_blu]1978__3,IRMAS-TrainingData\tru\[tru][jaz_blu]1978__3.wav,Trumpet,4
[tru][cla]1939__3,[tru][cla]1939__3,IRMAS-TrainingData\tru\[tru][cla]1939__3.wav,Trumpet,4
[tru][jaz_blu]1974__1,[tru][jaz_blu]1974__1,IRMAS-TrainingData\tru\[tru][jaz_blu]1974__1.wav,Trumpet,4
[tru][jaz_blu]1973__3,[tru][jaz_blu]1973__3,IRMAS-TrainingData\tru\[tru][jaz_blu]1973__3.wav,Trumpet,4
[tru][jaz_blu]1963__2,[tru][jaz_blu]1963__2,IRMAS-TrainingData\tru\[tru][jaz_blu]1963__2.wav,Trumpet,4
055__[tru][dru][jaz_blu]1988__2,055__[tru][dru][jaz_blu]1988__2,IRMAS-TrainingData\tru\055__[tru][dru][jaz_blu]1988__2.wav,Trumpet,4
167__[tru][dru][jaz_blu]1984__2,167__[tru][dru][jaz_blu]1984__2,IRMAS-TrainingData\tru\167__[tru][dru][jaz_blu]1984__2.wav,Trumpet,4
[tru][cla]2054__3,[tru][cla]2054__3,IRMAS-TrainingData\tru\[tru][cla]2054__3.wav,Trumpet,4
[tru][cla]2004__1,[tru][cla]2004__1,IRMAS-TrainingData\tru\[tru][cla]2004__1.wav,Trumpet,4
[tru][cla]1893__3,[tru][cla]1893__3,IRMAS-TrainingData\tru\[tru][cla]1893__3.wav,Trumpet,4
[tru][jaz_blu]1956__1,[tru][jaz_blu]1956__1,IRMAS-TrainingData\tru\[tru][jaz_blu]1956__1.wav,Trumpet,4
[tru][cla]1938__3,[tru][cla]1938__3,IRMAS-TrainingData\tru\[tru][cla]1938__3.wav,Trumpet,4
[tru][cla]1870__3,[tru][cla]1870__3,IRMAS-TrainingData\tru\[tru][cla]1870__3.wav,Trumpet,4
[tru][jaz_blu]1952__1,[tru][jaz_blu]1952__1,IRMAS-TrainingData\tru\[tru][jaz_blu]1952__1.wav,Trumpet,4
[tru][cla]1939__1,[tru][cla]1939__1,IRMAS-TrainingData\tru\[tru][cla]1939__1.wav,Trumpet,4
[tru][jaz_blu]2072__3,[tru][jaz_blu]2072__3,IRMAS-TrainingData\tru\[tru][jaz_blu]2072__3.wav,Trumpet,4
[tru][cla]1940__2,[tru][cla]1940__2,IRMAS-TrainingData\tru\[tru][cla]1940__2.wav,Trumpet,4
[tru][pop_roc]1922__3,[tru][pop_roc]1922__3,IRMAS-TrainingData\tru\[tru][pop_roc]1922__3.wav,Trumpet,4
[tru][cla]2054__1,[tru][cla]2054__1,IRMAS-TrainingData\tru\[tru][cla]2054__1.wav,Trumpet,4
[tru][pop_roc]2048__2,[tru][pop_roc]2048__2,IRMAS-TrainingData\tru\[tru][pop_roc]2048__2.wav,Trumpet,4
[tru][jaz_blu]2026__3,[tru][jaz_blu]2026__3,IRMAS-TrainingData\tru\[tru][jaz_blu]2026__3.wav,Trumpet,4
001__[tru][nod][jaz_blu]1986__2,001__[tru][nod][jaz_blu]1986__2,IRMAS-TrainingData\tru\001__[tru][nod][jaz_blu]1986__2.wav,Trumpet,4
[tru][pop_roc]2044__1,[tru][pop_roc]2044__1,IRMAS-TrainingData\tru\[tru][pop_roc]2044__1.wav,Trumpet,4
[tru][cla]1904__1,[tru][cla]1904__1,IRMAS-TrainingData\tru\[tru][cla]1904__1.wav,Trumpet,4
[tru][cla]1894__2,[tru][cla]1894__2,IRMAS-TrainingData\tru\[tru][cla]1894__2.wav,Trumpet,4
[tru][pop_roc]1882__1,[tru][pop_roc]1882__1,IRMAS-TrainingData\tru\[tru][pop_roc]1882__1.wav,Trumpet,4
[tru][cla]2005__3,[tru][cla]2005__3,IRMAS-TrainingData\tru\[tru][cla]2005__3.wav,Trumpet,4
[tru][cla]1912__1,[tru][cla]1912__1,IRMAS-TrainingData\tru\[tru][cla]1912__1.wav,Trumpet,4
[tru][cla]1886__1,[tru][cla]1886__1,IRMAS-TrainingData\tru\[tru][cla]1886__1.wav,Trumpet,4
[tru][jaz_blu]1978__2,[tru][jaz_blu]1978__2,IRMAS-TrainingData\tru\[tru][jaz_blu]1978__2.wav,Trumpet,4
104__[tru][dru][jaz_blu]1985__2,104__[tru][dru][jaz_blu]1985__2,IRMAS-TrainingData\tru\104__[tru][dru][jaz_blu]1985__2.wav,Trumpet,4
[tru][cla]1894__3,[tru][cla]1894__3,IRMAS-TrainingData\tru\[tru][cla]1894__3.wav,Trumpet,4
[tru][pop_roc]2050__2,[tru][pop_roc]2050__2,IRMAS-TrainingData\tru\[tru][pop_roc]2050__2.wav,Trumpet,4
[tru][pop_roc]2045__2,[tru][pop_roc]2045__2,IRMAS-TrainingData\tru\[tru][pop_roc]2045__2.wav,Trumpet,4
[tru][cla]2003__1,[tru][cla]2003__1,IRMAS-TrainingData\tru\[tru][cla]2003__1.wav,Trumpet,4
[tru][jaz_blu]1962__1,[tru][jaz_blu]1962__1,IRMAS-TrainingData\tru\[tru][jaz_blu]1962__1.wav,Trumpet,4
[tru][cla]2051__1,[tru][cla]2051__1,IRMAS-TrainingData\tru\[tru][cla]2051__1.wav,Trumpet,4
[tru][pop_roc]2041__3,[tru][pop_roc]2041__3,IRMAS-TrainingData\tru\[tru][pop_roc]2041__3.wav,Trumpet,4
[tru][pop_roc]1968__2,[tru][pop_roc]1968__2,IRMAS-TrainingData\tru\[tru][pop_roc]1968__2.wav,Trumpet,4
[tru][pop_roc]1950__1,[tru][pop_roc]1950__1,IRMAS-TrainingData\tru\[tru][pop_roc]1950__1.wav,Trumpet,4
167__[tru][dru][jaz_blu]1984__3,167__[tru][dru][jaz_blu]1984__3,IRMAS-TrainingData\tru\167__[tru][dru][jaz_blu]1984__3.wav,Trumpet,4
[tru][jaz_blu]2025__1,[tru][jaz_blu]2025__1,IRMAS-TrainingData\tru\[tru][jaz_blu]2025__1.wav,Trumpet,4
[tru][jaz_blu]1891__3,[tru][jaz_blu]1891__3,IRMAS-TrainingData\tru\[tru][jaz_blu]1891__3.wav,Trumpet,4
[tru][jaz_blu]1943__2,[tru][jaz_blu]1943__2,IRMAS-TrainingData\tru\[tru][jaz_blu]1943__2.wav,Trumpet,4
[tru][pop_roc]1980__2,[tru][pop_roc]1980__2,IRMAS-TrainingData\tru\[tru][pop_roc]1980__2.wav,Trumpet,4
[tru][pop_roc]1918__3,[tru][pop_roc]1918__3,IRMAS-TrainingData\tru\[tru][pop_roc]1918__3.wav,Trumpet,4
[tru][jaz_blu]1925__3,[tru][jaz_blu]1925__3,IRMAS-TrainingData\tru\[tru][jaz_blu]1925__3.wav,Trumpet,4
[tru][jaz_blu]1914__1,[tru][jaz_blu]1914__1,IRMAS-TrainingData\tru\[tru][jaz_blu]1914__1.wav,Trumpet,4
[tru][jaz_blu]2032__3,[tru][jaz_blu]2032__3,IRMAS-TrainingData\tru\[tru][jaz_blu]2032__3.wav,Trumpet,4
[tru][jaz_blu]1936__1,[tru][jaz_blu]1936__1,IRMAS-TrainingData\tru\[tru][jaz_blu]1936__1.wav,Trumpet,4
[tru][jaz_blu]1962__3,[tru][jaz_blu]1962__3,IRMAS-TrainingData\tru\[tru][jaz_blu]1962__3.wav,Trumpet,4
[tru][pop_roc]1931__2,[tru][pop_roc]1931__2,IRMAS-TrainingData\tru\[tru][pop_roc]1931__2.wav,Trumpet,4
[tru][jaz_blu]1914__3,[tru][jaz_blu]1914__3,IRMAS-TrainingData\tru\[tru][jaz_blu]1914__3.wav,Trumpet,4
[tru][jaz_blu]1934__2,[tru][jaz_blu]1934__2,IRMAS-TrainingData\tru\[tru][jaz_blu]1934__2.wav,Trumpet,4
[tru][pop_roc]1920__2,[tru][pop_roc]1920__2,IRMAS-TrainingData\tru\[tru][pop_roc]1920__2.wav,Trumpet,4
[tru][jaz_blu]1967__2,[tru][jaz_blu]1967__2,IRMAS-TrainingData\tru\[tru][jaz_blu]1967__2.wav,Trumpet,4
[tru][pop_roc]2042__3,[tru][pop_roc]2042__3,IRMAS-TrainingData\tru\[tru][pop_roc]2042__3.wav,Trumpet,4
[tru][jaz_blu]1942__2,[tru][jaz_blu]1942__2,IRMAS-TrainingData\tru\[tru][jaz_blu]1942__2.wav,Trumpet,4
[tru][pop_roc]1917__1,[tru][pop_roc]1917__1,IRMAS-TrainingData\tru\[tru][pop_roc]1917__1.wav,Trumpet,4
[tru][jaz_blu]1915__3,[tru][jaz_blu]1915__3,IRMAS-TrainingData\tru\[tru][jaz_blu]1915__3.wav,Trumpet,4
108__[tru][dru][jaz_blu]1990__1,108__[tru][dru][jaz_blu]1990__1,IRMAS-TrainingData\tru\108__[tru][dru][jaz_blu]1990__1.wav,Trumpet,4
[tru][jaz_blu]2030__2,[tru][jaz_blu]2030__2,IRMAS-TrainingData\tru\[tru][jaz_blu]2030__2.wav,Trumpet,4
[tru][jaz_blu]1926__2,[tru][jaz_blu]1926__2,IRMAS-TrainingData\tru\[tru][jaz_blu]1926__2.wav,Trumpet,4
[tru][pop_roc]2002__2,[tru][pop_roc]2002__2,IRMAS-TrainingData\tru\[tru][pop_roc]2002__2.wav,Trumpet,4
[tru][jaz_blu]1897__1,[tru][jaz_blu]1897__1,IRMAS-TrainingData\tru\[tru][jaz_blu]1897__1.wav,Trumpet,4
[tru][pop_roc]2035__2,[tru][pop_roc]2035__2,IRMAS-TrainingData\tru\[tru][pop_roc]2035__2.wav,Trumpet,4
[tru][jaz_blu]1932__2,[tru][jaz_blu]1932__2,IRMAS-TrainingData\tru\[tru][jaz_blu]1932__2.wav,Trumpet,4
[tru][jaz_blu]2056__2,[tru][jaz_blu]2056__2,IRMAS-TrainingData\tru\[tru][jaz_blu]2056__2.wav,Trumpet,4
[tru][cla]1872__2,[tru][cla]1872__2,IRMAS-TrainingData\tru\[tru][cla]1872__2.wav,Trumpet,4
[tru][cla]1876__1,[tru][cla]1876__1,IRMAS-TrainingData\tru\[tru][cla]1876__1.wav,Trumpet,4
[tru][cla]2034__3,[tru][cla]2034__3,IRMAS-TrainingData\tru\[tru][cla]2034__3.wav,Trumpet,4
[tru][jaz_blu]1966__2,[tru][jaz_blu]1966__2,IRMAS-TrainingData\tru\[tru][jaz_blu]1966__2.wav,Trumpet,4
[tru][jaz_blu]2021__3,[tru][jaz_blu]2021__3,IRMAS-TrainingData\tru\[tru][jaz_blu]2021__3.wav,Trumpet,4
[tru][cla]1870__1,[tru][cla]1870__1,IRMAS-TrainingData\tru\[tru][cla]1870__1.wav,Trumpet,4
[tru][pop_roc]1941__3,[tru][pop_roc]1941__3,IRMAS-TrainingData\tru\[tru][pop_roc]1941__3.wav,Trumpet,4
[tru][pop_roc]2038__3,[tru][pop_roc]2038__3,IRMAS-TrainingData\tru\[tru][pop_roc]2038__3.wav,Trumpet,4
[tru][pop_roc]1941__1,[tru][pop_roc]1941__1,IRMAS-TrainingData\tru\[tru][pop_roc]1941__1.wav,Trumpet,4
[tru][jaz_blu]1949__1,[tru][jaz_blu]1949__1,IRMAS-TrainingData\tru\[tru][jaz_blu]1949__1.wav,Trumpet,4
[tru][cla]2051__2,[tru][cla]2051__2,IRMAS-TrainingData\tru\[tru][cla]2051__2.wav,Trumpet,4
[tru][pop_roc]1937__3,[tru][pop_roc]1937__3,IRMAS-TrainingData\tru\[tru][pop_roc]1937__3.wav,Trumpet,4
[tru][jaz_blu]2021__2,[tru][jaz_blu]2021__2,IRMAS-TrainingData\tru\[tru][jaz_blu]2021__2.wav,Trumpet,4
[tru][pop_roc]1998__1,[tru][pop_roc]1998__1,IRMAS-TrainingData\tru\[tru][pop_roc]1998__1.wav,Trumpet,4
[tru][cla]2013__2,[tru][cla]2013__2,IRMAS-TrainingData\tru\[tru][cla]2013__2.wav,Trumpet,4
[tru][jaz_blu]2028__3,[tru][jaz_blu]2028__3,IRMAS-TrainingData\tru\[tru][jaz_blu]2028__3.wav,Trumpet,4
[tru][jaz_blu]1934__3,[tru][jaz_blu]1934__3,IRMAS-TrainingData\tru\[tru][jaz_blu]1934__3.wav,Trumpet,4
[tru][jaz_blu]1897__3,[tru][jaz_blu]1897__3,IRMAS-TrainingData\tru\[tru][jaz_blu]1897__3.wav,Trumpet,4
[tru][jaz_blu]2032__2,[tru][jaz_blu]2032__2,IRMAS-TrainingData\tru\[tru][jaz_blu]2032__2.wav,Trumpet,4
[tru][jaz_blu]1979__2,[tru][jaz_blu]1979__2,IRMAS-TrainingData\tru\[tru][jaz_blu]1979__2.wav,Trumpet,4
[tru][jaz_blu]1949__3,[tru][jaz_blu]1949__3,IRMAS-TrainingData\tru\[tru][jaz_blu]1949__3.wav,Trumpet,4
[tru][jaz_blu]2022__3,[tru][jaz_blu]2022__3,IRMAS-TrainingData\tru\[tru][jaz_blu]2022__3.wav,Trumpet,4
[tru][pop_roc]1959__3,[tru][pop_roc]1959__3,IRMAS-TrainingData\tru\[tru][pop_roc]1959__3.wav,Trumpet,4
[tru][jaz_blu]1975__3,[tru][jaz_blu]1975__3,IRMAS-TrainingData\tru\[tru][jaz_blu]1975__3.wav,Trumpet,4
[tru][cla]1954__2,[tru][cla]1954__2,IRMAS-TrainingData\tru\[tru][cla]1954__2.wav,Trumpet,4
[tru][jaz_blu]1889__2,[tru][jaz_blu]1889__2,IRMAS-TrainingData\tru\[tru][jaz_blu]1889__2.wav,Trumpet,4
[tru][pop_roc]1981__1,[tru][pop_roc]1981__1,IRMAS-TrainingData\tru\[tru][pop_roc]1981__1.wav,Trumpet,4
[tru][pop_roc]2035__3,[tru][pop_roc]2035__3,IRMAS-TrainingData\tru\[tru][pop_roc]2035__3.wav,Trumpet,4
[tru][jaz_blu]1884__1,[tru][jaz_blu]1884__1,IRMAS-TrainingData\tru\[tru][jaz_blu]1884__1.wav,Trumpet,4
[tru][jaz_blu]2064__2,[tru][jaz_blu]2064__2,IRMAS-TrainingData\tru\[tru][jaz_blu]2064__2.wav,Trumpet,4
[tru][cla]1881__2,[tru][cla]1881__2,IRMAS-TrainingData\tru\[tru][cla]1881__2.wav,Trumpet,4
[tru][cla]2033__2,[tru][cla]2033__2,IRMAS-TrainingData\tru\[tru][cla]2033__2.wav,Trumpet,4
[tru][jaz_blu]1971__3,[tru][jaz_blu]1971__3,IRMAS-TrainingData\tru\[tru][jaz_blu]1971__3.wav,Trumpet,4
[tru][jaz_blu]1953__1,[tru][jaz_blu]1953__1,IRMAS-TrainingData\tru\[tru][jaz_blu]1953__1.wav,Trumpet,4
[tru][cla]2006__2,[tru][cla]2006__2,IRMAS-TrainingData\tru\[tru][cla]2006__2.wav,Trumpet,4
[tru][cla]2082__3,[tru][cla]2082__3,IRMAS-TrainingData\tru\[tru][cla]2082__3.wav,Trumpet,4
[tru][cla]1906__2,[tru][cla]1906__2,IRMAS-TrainingData\tru\[tru][cla]1906__2.wav,Trumpet,4
[tru][pop_roc]2044__2,[tru][pop_roc]2044__2,IRMAS-TrainingData\tru\[tru][pop_roc]2044__2.wav,Trumpet,4
[tru][pop_roc]2037__1,[tru][pop_roc]2037__1,IRMAS-TrainingData\tru\[tru][pop_roc]2037__1.wav,Trumpet,4
[tru][pop_roc]1970__1,[tru][pop_roc]1970__1,IRMAS-TrainingData\tru\[tru][pop_roc]1970__1.wav,Trumpet,4
[tru][cla]1876__3,[tru][cla]1876__3,IRMAS-TrainingData\tru\[tru][cla]1876__3.wav,Trumpet,4
118__[sax][nod][jaz_blu]1702__3,118__[sax][nod][jaz_blu]1702__3,IRMAS-TrainingData\sax\118__[sax][nod][jaz_blu]1702__3.wav,Saxophone,5
[sax][jaz_blu]1765__2,[sax][jaz_blu]1765__2,IRMAS-TrainingData\sax\[sax][jaz_blu]1765__2.wav,Saxophone,5
120__[sax][nod][cla]1675__3,120__[sax][nod][cla]1675__3,IRMAS-TrainingData\sax\120__[sax][nod][cla]1675__3.wav,Saxophone,5
[sax][jaz_blu]1737__1,[sax][jaz_blu]1737__1,IRMAS-TrainingData\sax\[sax][jaz_blu]1737__1.wav,Saxophone,5
159__[sax][dru][cla]1669__2,159__[sax][dru][cla]1669__2,IRMAS-TrainingData\sax\159__[sax][dru][cla]1669__2.wav,Saxophone,5
[sax][pop_roc]1611__1,[sax][pop_roc]1611__1,IRMAS-TrainingData\sax\[sax][pop_roc]1611__1.wav,Saxophone,5
080__[sax][dru][jaz_blu]1714__2,080__[sax][dru][jaz_blu]1714__2,IRMAS-TrainingData\sax\080__[sax][dru][jaz_blu]1714__2.wav,Saxophone,5
[sax][pop_roc]1628__2,[sax][pop_roc]1628__2,IRMAS-TrainingData\sax\[sax][pop_roc]1628__2.wav,Saxophone,5
[sax][pop_roc]1615__1,[sax][pop_roc]1615__1,IRMAS-TrainingData\sax\[sax][pop_roc]1615__1.wav,Saxophone,5
[sax][pop_roc]1659__1,[sax][pop_roc]1659__1,IRMAS-TrainingData\sax\[sax][pop_roc]1659__1.wav,Saxophone,5
[sax][jaz_blu]1634__2,[sax][jaz_blu]1634__2,IRMAS-TrainingData\sax\[sax][jaz_blu]1634__2.wav,Saxophone,5
143__[sax][dru][jaz_blu]1710__3,143__[sax][dru][jaz_blu]1710__3,IRMAS-TrainingData\sax\143__[sax][dru][jaz_blu]1710__3.wav,Saxophone,5
[sax][jaz_blu]1758__1,[sax][jaz_blu]1758__1,IRMAS-TrainingData\sax\[sax][jaz_blu]1758__1.wav,Saxophone,5
[sax][jaz_blu]1654__3,[sax][jaz_blu]1654__3,IRMAS-TrainingData\sax\[sax][jaz_blu]1654__3.wav,Saxophone,5
[sax][jaz_blu]1762__2,[sax][jaz_blu]1762__2,IRMAS-TrainingData\sax\[sax][jaz_blu]1762__2.wav,Saxophone,5
065__[sax][nod][cla]1672__2,065__[sax][nod][cla]1672__2,IRMAS-TrainingData\sax\065__[sax][nod][cla]1672__2.wav,Saxophone,5
[sax][jaz_blu]1564__1,[sax][jaz_blu]1564__1,IRMAS-TrainingData\sax\[sax][jaz_blu]1564__1.wav,Saxophone,5
[sax][jaz_blu]1594__2,[sax][jaz_blu]1594__2,IRMAS-TrainingData\sax\[sax][jaz_blu]1594__2.wav,Saxophone,5
[sax][jaz_blu]1654__1,[sax][jaz_blu]1654__1,IRMAS-TrainingData\sax\[sax][jaz_blu]1654__1.wav,Saxophone,5
126__[sax][nod][cla]1667__2,126__[sax][nod][cla]1667__2,IRMAS-TrainingData\sax\126__[sax][nod][cla]1667__2.wav,Saxophone,5
[sax][pop_roc]1623__2,[sax][pop_roc]1623__2,IRMAS-TrainingData\sax\[sax][pop_roc]1623__2.wav,Saxophone,5
[sax][pop_roc]1572__2,[sax][pop_roc]1572__2,IRMAS-TrainingData\sax\[sax][pop_roc]1572__2.wav,Saxophone,5
[sax][cla]1642__2,[sax][cla]1642__2,IRMAS-TrainingData\sax\[sax][cla]1642__2.wav,Saxophone,5
186__[sax][nod][cla]1680__3,186__[sax][nod][cla]1680__3,IRMAS-TrainingData\sax\186__[sax][nod][cla]1680__3.wav,Saxophone,5
[sax][jaz_blu]1785__2,[sax][jaz_blu]1785__2,IRMAS-TrainingData\sax\[sax][jaz_blu]1785__2.wav,Saxophone,5
[sax][cla]1647__2,[sax][cla]1647__2,IRMAS-TrainingData\sax\[sax][cla]1647__2.wav,Saxophone,5
128__[sax][nod][jaz_blu]1712__3,128__[sax][nod][jaz_blu]1712__3,IRMAS-TrainingData\sax\128__[sax][nod][jaz_blu]1712__3.wav,Saxophone,5
[sax][jaz_blu]1653__2,[sax][jaz_blu]1653__2,IRMAS-TrainingData\sax\[sax][jaz_blu]1653__2.wav,Saxophone,5
[sax][pop_roc]1697__1,[sax][pop_roc]1697__1,IRMAS-TrainingData\sax\[sax][pop_roc]1697__1.wav,Saxophone,5
[sax][jaz_blu]1734__2,[sax][jaz_blu]1734__2,IRMAS-TrainingData\sax\[sax][jaz_blu]1734__2.wav,Saxophone,5
136__[sax][dru][pop_roc]1721__1,136__[sax][dru][pop_roc]1721__1,IRMAS-TrainingData\sax\136__[sax][dru][pop_roc]1721__1.wav,Saxophone,5
[sax][cla]1752__1,[sax][cla]1752__1,IRMAS-TrainingData\sax\[sax][cla]1752__1.wav,Saxophone,5
[sax][pop_roc]1622__1,[sax][pop_roc]1622__1,IRMAS-TrainingData\sax\[sax][pop_roc]1622__1.wav,Saxophone,5
[sax][cla]1648__1,[sax][cla]1648__1,IRMAS-TrainingData\sax\[sax][cla]1648__1.wav,Saxophone,5
[sax][jaz_blu]1764__2,[sax][jaz_blu]1764__2,IRMAS-TrainingData\sax\[sax][jaz_blu]1764__2.wav,Saxophone,5
[sax][pop_roc]1612__3,[sax][pop_roc]1612__3,IRMAS-TrainingData\sax\[sax][pop_roc]1612__3.wav,Saxophone,5
[sax][pop_roc]1611__2,[sax][pop_roc]1611__2,IRMAS-TrainingData\sax\[sax][pop_roc]1611__2.wav,Saxophone,5
025__[sax][nod][cla]1678__3,025__[sax][nod][cla]1678__3,IRMAS-TrainingData\sax\025__[sax][nod][cla]1678__3.wav,Saxophone,5
[sax][cla]1748__1,[sax][cla]1748__1,IRMAS-TrainingData\sax\[sax][cla]1748__1.wav,Saxophone,5
033__[sax][dru][cou_fol]1701__3,033__[sax][dru][cou_fol]1701__3,IRMAS-TrainingData\sax\033__[sax][dru][cou_fol]1701__3.wav,Saxophone,5
[sax][cla]1593__2,[sax][cla]1593__2,IRMAS-TrainingData\sax\[sax][cla]1593__2.wav,Saxophone,5
[sax][cla]1750__1,[sax][cla]1750__1,IRMAS-TrainingData\sax\[sax][cla]1750__1.wav,Saxophone,5
[sax][jaz_blu]1584__2,[sax][jaz_blu]1584__2,IRMAS-TrainingData\sax\[sax][jaz_blu]1584__2.wav,Saxophone,5
[sax][jaz_blu]1641__3,[sax][jaz_blu]1641__3,IRMAS-TrainingData\sax\[sax][jaz_blu]1641__3.wav,Saxophone,5
[sax][jaz_blu]1653__3,[sax][jaz_blu]1653__3,IRMAS-TrainingData\sax\[sax][jaz_blu]1653__3.wav,Saxophone,5
011__[sax][nod][cla]1694__1,011__[sax][nod][cla]1694__1,IRMAS-TrainingData\sax\011__[sax][nod][cla]1694__1.wav,Saxophone,5
[sax][cla]1593__3,[sax][cla]1593__3,IRMAS-TrainingData\sax\[sax][cla]1593__3.wav,Saxophone,5
174__[sax][nod][cla]1661__3,174__[sax][nod][cla]1661__3,IRMAS-TrainingData\sax\174__[sax][nod][cla]1661__3.wav,Saxophone,5
[sax][jaz_blu]1746__3,[sax][jaz_blu]1746__3,IRMAS-TrainingData\sax\[sax][jaz_blu]1746__3.wav,Saxophone,5
084__[sax][nod][cla]1673__3,084__[sax][nod][cla]1673__3,IRMAS-TrainingData\sax\084__[sax][nod][cla]1673__3.wav,Saxophone,5
174__[sax][nod][cla]1661__2,174__[sax][nod][cla]1661__2,IRMAS-TrainingData\sax\174__[sax][nod][cla]1661__2.wav,Saxophone,5
036__[sax][nod][cla]1664__2,036__[sax][nod][cla]1664__2,IRMAS-TrainingData\sax\036__[sax][nod][cla]1664__2.wav,Saxophone,5
118__[sax][nod][jaz_blu]1702__1,118__[sax][nod][jaz_blu]1702__1,IRMAS-TrainingData\sax\118__[sax][nod][jaz_blu]1702__1.wav,Saxophone,5
[sax][pop_roc]1589__2,[sax][pop_roc]1589__2,IRMAS-TrainingData\sax\[sax][pop_roc]1589__2.wav,Saxophone,5
[sax][cla]1643__2,[sax][cla]1643__2,IRMAS-TrainingData\sax\[sax][cla]1643__2.wav,Saxophone,5
[sax][jaz_blu]1738__2,[sax][jaz_blu]1738__2,IRMAS-TrainingData\sax\[sax][jaz_blu]1738__2.wav,Saxophone,5
[sax][jaz_blu]1761__1,[sax][jaz_blu]1761__1,IRMAS-TrainingData\sax\[sax][jaz_blu]1761__1.wav,Saxophone,5
[sax][jaz_blu]1772__3,[sax][jaz_blu]1772__3,IRMAS-TrainingData\sax\[sax][jaz_blu]1772__3.wav,Saxophone,5
[sax][jaz_blu]1645__2,[sax][jaz_blu]1645__2,IRMAS-TrainingData\sax\[sax][jaz_blu]1645__2.wav,Saxophone,5
189__[sax][nod][cla]1671__3,189__[sax][nod][cla]1671__3,IRMAS-TrainingData\sax\189__[sax][nod][cla]1671__3.wav,Saxophone,5
[sax][jaz_blu]1735__1,[sax][jaz_blu]1735__1,IRMAS-TrainingData\sax\[sax][jaz_blu]1735__1.wav,Saxophone,5
[sax][pop_roc]1636__1,[sax][pop_roc]1636__1,IRMAS-TrainingData\sax\[sax][pop_roc]1636__1.wav,Saxophone,5
[sax][jaz_blu]1625__3,[sax][jaz_blu]1625__3,IRMAS-TrainingData\sax\[sax][jaz_blu]1625__3.wav,Saxophone,5
109__[sax][dru][pop_roc]0850__3,109__[sax][dru][pop_roc]0850__3,IRMAS-TrainingData\sax\109__[sax][dru][pop_roc]0850__3.wav,Saxophone,5
065__[sax][nod][cla]1672__3,065__[sax][nod][cla]1672__3,IRMAS-TrainingData\sax\065__[sax][nod][cla]1672__3.wav,Saxophone,5
189__[sax][nod][cla]1671__1,189__[sax][nod][cla]1671__1,IRMAS-TrainingData\sax\189__[sax][nod][cla]1671__1.wav,Saxophone,5
[sax][pop_roc]1610__1,[sax][pop_roc]1610__1,IRMAS-TrainingData\sax\[sax][pop_roc]1610__1.wav,Saxophone,5
064__[sax][nod][cla]1688__3,064__[sax][nod][cla]1688__3,IRMAS-TrainingData\sax\064__[sax][nod][cla]1688__3.wav,Saxophone,5
107__[sax][dru][pop_roc]1722__3,107__[sax][dru][pop_roc]1722__3,IRMAS-TrainingData\sax\107__[sax][dru][pop_roc]1722__3.wav,Saxophone,5
[sax][cla]1749__3,[sax][cla]1749__3,IRMAS-TrainingData\sax\[sax][cla]1749__3.wav,Saxophone,5
[sax][jaz_blu]1769__1,[sax][jaz_blu]1769__1,IRMAS-TrainingData\sax\[sax][jaz_blu]1769__1.wav,Saxophone,5
[sax][jaz_blu]1762__3,[sax][jaz_blu]1762__3,IRMAS-TrainingData\sax\[sax][jaz_blu]1762__3.wav,Saxophone,5
[sax][jaz_blu]1795__3,[sax][jaz_blu]1795__3,IRMAS-TrainingData\sax\[sax][jaz_blu]1795__3.wav,Saxophone,5
[sax][jaz_blu]1768__3,[sax][jaz_blu]1768__3,IRMAS-TrainingData\sax\[sax][jaz_blu]1768__3.wav,Saxophone,5
[sax][jaz_blu]1759__2,[sax][jaz_blu]1759__2,IRMAS-TrainingData\sax\[sax][jaz_blu]1759__2.wav,Saxophone,5
[sax][pop_roc]1620__1,[sax][pop_roc]1620__1,IRMAS-TrainingData\sax\[sax][pop_roc]1620__1.wav,Saxophone,5
[sax][pop_roc]1611__3,[sax][pop_roc]1611__3,IRMAS-TrainingData\sax\[sax][pop_roc]1611__3.wav,Saxophone,5
[sax][pop_roc]1576__1,[sax][pop_roc]1576__1,IRMAS-TrainingData\sax\[sax][pop_roc]1576__1.wav,Saxophone,5
134__[sax][nod][cla]1663__3,134__[sax][nod][cla]1663__3,IRMAS-TrainingData\sax\134__[sax][nod][cla]1663__3.wav,Saxophone,5
[sax][jaz_blu]1649__3,[sax][jaz_blu]1649__3,IRMAS-TrainingData\sax\[sax][jaz_blu]1649__3.wav,Saxophone,5
[sax][jaz_blu]1764__3,[sax][jaz_blu]1764__3,IRMAS-TrainingData\sax\[sax][jaz_blu]1764__3.wav,Saxophone,5
130__[sax][nod][jaz_blu]1715__3,130__[sax][nod][jaz_blu]1715__3,IRMAS-TrainingData\sax\130__[sax][nod][jaz_blu]1715__3.wav,Saxophone,5
[sax][cla]1753__3,[sax][cla]1753__3,IRMAS-TrainingData\sax\[sax][cla]1753__3.wav,Saxophone,5
[sax][jaz_blu]1815__1,[sax][jaz_blu]1815__1,IRMAS-TrainingData\sax\[sax][jaz_blu]1815__1.wav,Saxophone,5
[sax][pop_roc]1588__1,[sax][pop_roc]1588__1,IRMAS-TrainingData\sax\[sax][pop_roc]1588__1.wav,Saxophone,5
[sax][jaz_blu]1584__1,[sax][jaz_blu]1584__1,IRMAS-TrainingData\sax\[sax][jaz_blu]1584__1.wav,Saxophone,5
063__[sax][nod][cla]1677__2,063__[sax][nod][cla]1677__2,IRMAS-TrainingData\sax\063__[sax][nod][cla]1677__2.wav,Saxophone,5
[sax][cla]1646__1,[sax][cla]1646__1,IRMAS-TrainingData\sax\[sax][cla]1646__1.wav,Saxophone,5
[sax][jaz_blu]1744__3,[sax][jaz_blu]1744__3,IRMAS-TrainingData\sax\[sax][jaz_blu]1744__3.wav,Saxophone,5
067__[sax][nod][cla]1666__3,067__[sax][nod][cla]1666__3,IRMAS-TrainingData\sax\067__[sax][nod][cla]1666__3.wav,Saxophone,5
011__[sax][nod][cla]1694__2,011__[sax][nod][cla]1694__2,IRMAS-TrainingData\sax\011__[sax][nod][cla]1694__2.wav,Saxophone,5
[sax][cla]1631__3,[sax][cla]1631__3,IRMAS-TrainingData\sax\[sax][cla]1631__3.wav,Saxophone,5
[sax][jaz_blu]1579__3,[sax][jaz_blu]1579__3,IRMAS-TrainingData\sax\[sax][jaz_blu]1579__3.wav,Saxophone,5
[sax][cla]1642__1,[sax][cla]1642__1,IRMAS-TrainingData\sax\[sax][cla]1642__1.wav,Saxophone,5
165__[sax][nod][cla]1695__3,165__[sax][nod][cla]1695__3,IRMAS-TrainingData\sax\165__[sax][nod][cla]1695__3.wav,Saxophone,5
[sax][cla]1729__1,[sax][cla]1729__1,IRMAS-TrainingData\sax\[sax][cla]1729__1.wav,Saxophone,5
[sax][jaz_blu]1564__3,[sax][jaz_blu]1564__3,IRMAS-TrainingData\sax\[sax][jaz_blu]1564__3.wav,Saxophone,5
[sax][jaz_blu]1633__3,[sax][jaz_blu]1633__3,IRMAS-TrainingData\sax\[sax][jaz_blu]1633__3.wav,Saxophone,5
140__[sax][dru][jaz_blu]1709__3,140__[sax][dru][jaz_blu]1709__3,IRMAS-TrainingData\sax\140__[sax][dru][jaz_blu]1709__3.wav,Saxophone,5
[sax][pop_roc]1586__3,[sax][pop_roc]1586__3,IRMAS-TrainingData\sax\[sax][pop_roc]1586__3.wav,Saxophone,5
[sax][pop_roc]1569__1,[sax][pop_roc]1569__1,IRMAS-TrainingData\sax\[sax][pop_roc]1569__1.wav,Saxophone,5
[sax][pop_roc]1595__1,[sax][pop_roc]1595__1,IRMAS-TrainingData\sax\[sax][pop_roc]1595__1.wav,Saxophone,5
[sax][cla]1574__3,[sax][cla]1574__3,IRMAS-TrainingData\sax\[sax][cla]1574__3.wav,Saxophone,5
159__[sax][dru][cla]1669__1,159__[sax][dru][cla]1669__1,IRMAS-TrainingData\sax\159__[sax][dru][cla]1669__1.wav,Saxophone,5
[sax][jaz_blu]1739__3,[sax][jaz_blu]1739__3,IRMAS-TrainingData\sax\[sax][jaz_blu]1739__3.wav,Saxophone,5
[sax][cla]1650__2,[sax][cla]1650__2,IRMAS-TrainingData\sax\[sax][cla]1650__2.wav,Saxophone,5
[sax][pop_roc]1570__1,[sax][pop_roc]1570__1,IRMAS-TrainingData\sax\[sax][pop_roc]1570__1.wav,Saxophone,5
[sax][pop_roc]1637__2,[sax][pop_roc]1637__2,IRMAS-TrainingData\sax\[sax][pop_roc]1637__2.wav,Saxophone,5
085__[sax][nod][cla]1693__2,085__[sax][nod][cla]1693__2,IRMAS-TrainingData\sax\085__[sax][nod][cla]1693__2.wav,Saxophone,5
[sax][jaz_blu]1745__2,[sax][jaz_blu]1745__2,IRMAS-TrainingData\sax\[sax][jaz_blu]1745__2.wav,Saxophone,5
062__[sax][dru][jaz_blu]1706__2,062__[sax][dru][jaz_blu]1706__2,IRMAS-TrainingData\sax\062__[sax][dru][jaz_blu]1706__2.wav,Saxophone,5
[sax][jaz_blu]1766__3,[sax][jaz_blu]1766__3,IRMAS-TrainingData\sax\[sax][jaz_blu]1766__3.wav,Saxophone,5
017__[sax][nod][cla]1676__2,017__[sax][nod][cla]1676__2,IRMAS-TrainingData\sax\017__[sax][nod][cla]1676__2.wav,Saxophone,5
[sax][jaz_blu]1774__3,[sax][jaz_blu]1774__3,IRMAS-TrainingData\sax\[sax][jaz_blu]1774__3.wav,Saxophone,5
098__[sax][nod][cla]1685__2,098__[sax][nod][cla]1685__2,IRMAS-TrainingData\sax\098__[sax][nod][cla]1685__2.wav,Saxophone,5
[sax][jaz_blu]1765__1,[sax][jaz_blu]1765__1,IRMAS-TrainingData\sax\[sax][jaz_blu]1765__1.wav,Saxophone,5
189__[sax][nod][cla]1671__2,189__[sax][nod][cla]1671__2,IRMAS-TrainingData\sax\189__[sax][nod][cla]1671__2.wav,Saxophone,5
[sax][pop_roc]1636__2,[sax][pop_roc]1636__2,IRMAS-TrainingData\sax\[sax][pop_roc]1636__2.wav,Saxophone,5
[sax][cla]1643__1,[sax][cla]1643__1,IRMAS-TrainingData\sax\[sax][cla]1643__1.wav,Saxophone,5
[sax][cla]1754__3,[sax][cla]1754__3,IRMAS-TrainingData\sax\[sax][cla]1754__3.wav,Saxophone,5
[sax][cla]1631__1,[sax][cla]1631__1,IRMAS-TrainingData\sax\[sax][cla]1631__1.wav,Saxophone,5
[sax][jaz_blu]1655__1,[sax][jaz_blu]1655__1,IRMAS-TrainingData\sax\[sax][jaz_blu]1655__1.wav,Saxophone,5
[sax][jaz_blu]1613__1,[sax][jaz_blu]1613__1,IRMAS-TrainingData\sax\[sax][jaz_blu]1613__1.wav,Saxophone,5
[sax][cla]1639__1,[sax][cla]1639__1,IRMAS-TrainingData\sax\[sax][cla]1639__1.wav,Saxophone,5
175__[sax][dru][jaz_blu]1708__2,175__[sax][dru][jaz_blu]1708__2,IRMAS-TrainingData\sax\175__[sax][dru][jaz_blu]1708__2.wav,Saxophone,5
068__[sax][nod][cla]1681__2,068__[sax][nod][cla]1681__2,IRMAS-TrainingData\sax\068__[sax][nod][cla]1681__2.wav,Saxophone,5
[sax][pop_roc]1566__3,[sax][pop_roc]1566__3,IRMAS-TrainingData\sax\[sax][pop_roc]1566__3.wav,Saxophone,5
012__[sax][nod][jaz_blu]1713__2,012__[sax][nod][jaz_blu]1713__2,IRMAS-TrainingData\sax\012__[sax][nod][jaz_blu]1713__2.wav,Saxophone,5
[sax][jaz_blu]1785__3,[sax][jaz_blu]1785__3,IRMAS-TrainingData\sax\[sax][jaz_blu]1785__3.wav,Saxophone,5
223__[sax][nod][cla]1674__2,223__[sax][nod][cla]1674__2,IRMAS-TrainingData\sax\223__[sax][nod][cla]1674__2.wav,Saxophone,5
111__[sax][dru][jaz_blu]1711__1,111__[sax][dru][jaz_blu]1711__1,IRMAS-TrainingData\sax\111__[sax][dru][jaz_blu]1711__1.wav,Saxophone,5
[sax][pop_roc]1615__3,[sax][pop_roc]1615__3,IRMAS-TrainingData\sax\[sax][pop_roc]1615__3.wav,Saxophone,5
[sax][jaz_blu]1782__3,[sax][jaz_blu]1782__3,IRMAS-TrainingData\sax\[sax][jaz_blu]1782__3.wav,Saxophone,5
[sax][pop_roc]1618__3,[sax][pop_roc]1618__3,IRMAS-TrainingData\sax\[sax][pop_roc]1618__3.wav,Saxophone,5
[sax][pop_roc]1572__3,[sax][pop_roc]1572__3,IRMAS-TrainingData\sax\[sax][pop_roc]1572__3.wav,Saxophone,5
[sax][jaz_blu]1759__3,[sax][jaz_blu]1759__3,IRMAS-TrainingData\sax\[sax][jaz_blu]1759__3.wav,Saxophone,5
[sax][pop_roc]1595__2,[sax][pop_roc]1595__2,IRMAS-TrainingData\sax\[sax][pop_roc]1595__2.wav,Saxophone,5
[sax][pop_roc]1629__3,[sax][pop_roc]1629__3,IRMAS-TrainingData\sax\[sax][pop_roc]1629__3.wav,Saxophone,5
[sax][pop_roc]1617__2,[sax][pop_roc]1617__2,IRMAS-TrainingData\sax\[sax][pop_roc]1617__2.wav,Saxophone,5
063__[sax][nod][cla]1677__1,063__[sax][nod][cla]1677__1,IRMAS-TrainingData\sax\063__[sax][nod][cla]1677__1.wav,Saxophone,5
[sax][cla]1644__2,[sax][cla]1644__2,IRMAS-TrainingData\sax\[sax][cla]1644__2.wav,Saxophone,5
[sax][jaz_blu]1762__1,[sax][jaz_blu]1762__1,IRMAS-TrainingData\sax\[sax][jaz_blu]1762__1.wav,Saxophone,5
067__[sax][nod][cla]1666__1,067__[sax][nod][cla]1666__1,IRMAS-TrainingData\sax\067__[sax][nod][cla]1666__1.wav,Saxophone,5
143__[sax][dru][jaz_blu]1710__2,143__[sax][dru][jaz_blu]1710__2,IRMAS-TrainingData\sax\143__[sax][dru][jaz_blu]1710__2.wav,Saxophone,5
[sax][pop_roc]1628__3,[sax][pop_roc]1628__3,IRMAS-TrainingData\sax\[sax][pop_roc]1628__3.wav,Saxophone,5
[sax][jaz_blu]1568__2,[sax][jaz_blu]1568__2,IRMAS-TrainingData\sax\[sax][jaz_blu]1568__2.wav,Saxophone,5
[sax][cla]1621__2,[sax][cla]1621__2,IRMAS-TrainingData\sax\[sax][cla]1621__2.wav,Saxophone,5
[sax][cla]1731__2,[sax][cla]1731__2,IRMAS-TrainingData\sax\[sax][cla]1731__2.wav,Saxophone,5
058__[sax][nod][cla]1662__2,058__[sax][nod][cla]1662__2,IRMAS-TrainingData\sax\058__[sax][nod][cla]1662__2.wav,Saxophone,5
[sax][cla]1619__2,[sax][cla]1619__2,IRMAS-TrainingData\sax\[sax][cla]1619__2.wav,Saxophone,5
[sax][jaz_blu]1766__2,[sax][jaz_blu]1766__2,IRMAS-TrainingData\sax\[sax][jaz_blu]1766__2.wav,Saxophone,5
[sax][pop_roc]1629__1,[sax][pop_roc]1629__1,IRMAS-TrainingData\sax\[sax][pop_roc]1629__1.wav,Saxophone,5
[sax][pop_roc]1697__3,[sax][pop_roc]1697__3,IRMAS-TrainingData\sax\[sax][pop_roc]1697__3.wav,Saxophone,5
230__[sax][dru][jaz_blu]1718__3,230__[sax][dru][jaz_blu]1718__3,IRMAS-TrainingData\sax\230__[sax][dru][jaz_blu]1718__3.wav,Saxophone,5
[sax][pop_roc]1589__3,[sax][pop_roc]1589__3,IRMAS-TrainingData\sax\[sax][pop_roc]1589__3.wav,Saxophone,5
224__[sax][nod][cla]1668__3,224__[sax][nod][cla]1668__3,IRMAS-TrainingData\sax\224__[sax][nod][cla]1668__3.wav,Saxophone,5
[sax][jaz_blu]1742__3,[sax][jaz_blu]1742__3,IRMAS-TrainingData\sax\[sax][jaz_blu]1742__3.wav,Saxophone,5
[sax][pop_roc]1607__3,[sax][pop_roc]1607__3,IRMAS-TrainingData\sax\[sax][pop_roc]1607__3.wav,Saxophone,5
058__[sax][nod][cla]1662__1,058__[sax][nod][cla]1662__1,IRMAS-TrainingData\sax\058__[sax][nod][cla]1662__1.wav,Saxophone,5
[sax][pop_roc]1585__1,[sax][pop_roc]1585__1,IRMAS-TrainingData\sax\[sax][pop_roc]1585__1.wav,Saxophone,5
[sax][jaz_blu]1605__1,[sax][jaz_blu]1605__1,IRMAS-TrainingData\sax\[sax][jaz_blu]1605__1.wav,Saxophone,5
[sax][pop_roc]1563__1,[sax][pop_roc]1563__1,IRMAS-TrainingData\sax\[sax][pop_roc]1563__1.wav,Saxophone,5
[sax][cla]1732__2,[sax][cla]1732__2,IRMAS-TrainingData\sax\[sax][cla]1732__2.wav,Saxophone,5
[sax][jaz_blu]1773__2,[sax][jaz_blu]1773__2,IRMAS-TrainingData\sax\[sax][jaz_blu]1773__2.wav,Saxophone,5
122__[sax][nod][cla]1670__1,122__[sax][nod][cla]1670__1,IRMAS-TrainingData\sax\122__[sax][nod][cla]1670__1.wav,Saxophone,5
[sax][jaz_blu]1742__2,[sax][jaz_blu]1742__2,IRMAS-TrainingData\sax\[sax][jaz_blu]1742__2.wav,Saxophone,5
[sax][cla]1574__2,[sax][cla]1574__2,IRMAS-TrainingData\sax\[sax][cla]1574__2.wav,Saxophone,5
[sax][pop_roc]1575__3,[sax][pop_roc]1575__3,IRMAS-TrainingData\sax\[sax][pop_roc]1575__3.wav,Saxophone,5
[sax][jaz_blu]1733__1,[sax][jaz_blu]1733__1,IRMAS-TrainingData\sax\[sax][jaz_blu]1733__1.wav,Saxophone,5
[sax][jaz_blu]1757__3,[sax][jaz_blu]1757__3,IRMAS-TrainingData\sax\[sax][jaz_blu]1757__3.wav,Saxophone,5
[sax][jaz_blu]1625__1,[sax][jaz_blu]1625__1,IRMAS-TrainingData\sax\[sax][jaz_blu]1625__1.wav,Saxophone,5
[sax][jaz_blu]1757__1,[sax][jaz_blu]1757__1,IRMAS-TrainingData\sax\[sax][jaz_blu]1757__1.wav,Saxophone,5
094__[sax][dru][jaz_blu]1703__1,094__[sax][dru][jaz_blu]1703__1,IRMAS-TrainingData\sax\094__[sax][dru][jaz_blu]1703__1.wav,Saxophone,5
140__[sax][dru][jaz_blu]1709__1,140__[sax][dru][jaz_blu]1709__1,IRMAS-TrainingData\sax\140__[sax][dru][jaz_blu]1709__1.wav,Saxophone,5
[sax][pop_roc]1636__3,[sax][pop_roc]1636__3,IRMAS-TrainingData\sax\[sax][pop_roc]1636__3.wav,Saxophone,5
085__[sax][nod][cla]1693__3,085__[sax][nod][cla]1693__3,IRMAS-TrainingData\sax\085__[sax][nod][cla]1693__3.wav,Saxophone,5
152__[sax][nod][cla]1691__3,152__[sax][nod][cla]1691__3,IRMAS-TrainingData\sax\152__[sax][nod][cla]1691__3.wav,Saxophone,5
122__[sax][nod][cla]1670__3,122__[sax][nod][cla]1670__3,IRMAS-TrainingData\sax\122__[sax][nod][cla]1670__3.wav,Saxophone,5
111__[sax][dru][jaz_blu]1711__2,111__[sax][dru][jaz_blu]1711__2,IRMAS-TrainingData\sax\111__[sax][dru][jaz_blu]1711__2.wav,Saxophone,5
[sax][pop_roc]1586__1,[sax][pop_roc]1586__1,IRMAS-TrainingData\sax\[sax][pop_roc]1586__1.wav,Saxophone,5
098__[sax][nod][cla]1685__1,098__[sax][nod][cla]1685__1,IRMAS-TrainingData\sax\098__[sax][nod][cla]1685__1.wav,Saxophone,5
[sax][pop_roc]1575__1,[sax][pop_roc]1575__1,IRMAS-TrainingData\sax\[sax][pop_roc]1575__1.wav,Saxophone,5
[sax][jaz_blu]1739__2,[sax][jaz_blu]1739__2,IRMAS-TrainingData\sax\[sax][jaz_blu]1739__2.wav,Saxophone,5
[sax][pop_roc]1578__2,[sax][pop_roc]1578__2,IRMAS-TrainingData\sax\[sax][pop_roc]1578__2.wav,Saxophone,5
053__[sax][nod][jaz_blu]1716__3,053__[sax][nod][jaz_blu]1716__3,IRMAS-TrainingData\sax\053__[sax][nod][jaz_blu]1716__3.wav,Saxophone,5
114__[sax][nod][cla]1683__1,114__[sax][nod][cla]1683__1,IRMAS-TrainingData\sax\114__[sax][nod][cla]1683__1.wav,Saxophone,5
[sax][jaz_blu]1741__3,[sax][jaz_blu]1741__3,IRMAS-TrainingData\sax\[sax][jaz_blu]1741__3.wav,Saxophone,5
[sax][jaz_blu]1597__1,[sax][jaz_blu]1597__1,IRMAS-TrainingData\sax\[sax][jaz_blu]1597__1.wav,Saxophone,5
[sax][cla]1725__1,[sax][cla]1725__1,IRMAS-TrainingData\sax\[sax][cla]1725__1.wav,Saxophone,5
[sax][cla]1657__1,[sax][cla]1657__1,IRMAS-TrainingData\sax\[sax][cla]1657__1.wav,Saxophone,5
[sax][jaz_blu]1738__3,[sax][jaz_blu]1738__3,IRMAS-TrainingData\sax\[sax][jaz_blu]1738__3.wav,Saxophone,5
[sax][cla]1753__1,[sax][cla]1753__1,IRMAS-TrainingData\sax\[sax][cla]1753__1.wav,Saxophone,5
[sax][jaz_blu]1766__1,[sax][jaz_blu]1766__1,IRMAS-TrainingData\sax\[sax][jaz_blu]1766__1.wav,Saxophone,5
[sax][pop_roc]1578__3,[sax][pop_roc]1578__3,IRMAS-TrainingData\sax\[sax][pop_roc]1578__3.wav,Saxophone,5
[sax][pop_roc]1659__2,[sax][pop_roc]1659__2,IRMAS-TrainingData\sax\[sax][pop_roc]1659__2.wav,Saxophone,5
[sax][jaz_blu]1645__1,[sax][jaz_blu]1645__1,IRMAS-TrainingData\sax\[sax][jaz_blu]1645__1.wav,Saxophone,5
[sax][cla]1753__2,[sax][cla]1753__2,IRMAS-TrainingData\sax\[sax][cla]1753__2.wav,Saxophone,5
[sax][jaz_blu]1613__3,[sax][jaz_blu]1613__3,IRMAS-TrainingData\sax\[sax][jaz_blu]1613__3.wav,Saxophone,5
[sax][jaz_blu]1605__2,[sax][jaz_blu]1605__2,IRMAS-TrainingData\sax\[sax][jaz_blu]1605__2.wav,Saxophone,5
[sax][pop_roc]1608__2,[sax][pop_roc]1608__2,IRMAS-TrainingData\sax\[sax][pop_roc]1608__2.wav,Saxophone,5
223__[sax][nod][cla]1674__1,223__[sax][nod][cla]1674__1,IRMAS-TrainingData\sax\223__[sax][nod][cla]1674__1.wav,Saxophone,5
[sax][jaz_blu]1764__1,[sax][jaz_blu]1764__1,IRMAS-TrainingData\sax\[sax][jaz_blu]1764__1.wav,Saxophone,5
[sax][pop_roc]1606__3,[sax][pop_roc]1606__3,IRMAS-TrainingData\sax\[sax][pop_roc]1606__3.wav,Saxophone,5
094__[sax][dru][jaz_blu]1703__3,094__[sax][dru][jaz_blu]1703__3,IRMAS-TrainingData\sax\094__[sax][dru][jaz_blu]1703__3.wav,Saxophone,5
[sax][pop_roc]1587__3,[sax][pop_roc]1587__3,IRMAS-TrainingData\sax\[sax][pop_roc]1587__3.wav,Saxophone,5
049__[sax][dru][jaz_blu]1717__2,049__[sax][dru][jaz_blu]1717__2,IRMAS-TrainingData\sax\049__[sax][dru][jaz_blu]1717__2.wav,Saxophone,5
[sax][cla]1658__1,[sax][cla]1658__1,IRMAS-TrainingData\sax\[sax][cla]1658__1.wav,Saxophone,5
[sax][cla]1646__2,[sax][cla]1646__2,IRMAS-TrainingData\sax\[sax][cla]1646__2.wav,Saxophone,5
[sax][jaz_blu]1597__3,[sax][jaz_blu]1597__3,IRMAS-TrainingData\sax\[sax][jaz_blu]1597__3.wav,Saxophone,5
181__[sax][nod][cla]1660__3,181__[sax][nod][cla]1660__3,IRMAS-TrainingData\sax\181__[sax][nod][cla]1660__3.wav,Saxophone,5
[sax][jaz_blu]1745__3,[sax][jaz_blu]1745__3,IRMAS-TrainingData\sax\[sax][jaz_blu]1745__3.wav,Saxophone,5
[sax][pop_roc]1585__2,[sax][pop_roc]1585__2,IRMAS-TrainingData\sax\[sax][pop_roc]1585__2.wav,Saxophone,5
[sax][jaz_blu]1568__3,[sax][jaz_blu]1568__3,IRMAS-TrainingData\sax\[sax][jaz_blu]1568__3.wav,Saxophone,5
033__[sax][dru][cou_fol]1701__2,033__[sax][dru][cou_fol]1701__2,IRMAS-TrainingData\sax\033__[sax][dru][cou_fol]1701__2.wav,Saxophone,5
[sax][cla]1591__1,[sax][cla]1591__1,IRMAS-TrainingData\sax\[sax][cla]1591__1.wav,Saxophone,5
[sax][cla]1728__2,[sax][cla]1728__2,IRMAS-TrainingData\sax\[sax][cla]1728__2.wav,Saxophone,5
053__[sax][nod][jaz_blu]1716__2,053__[sax][nod][jaz_blu]1716__2,IRMAS-TrainingData\sax\053__[sax][nod][jaz_blu]1716__2.wav,Saxophone,5
[sax][jaz_blu]1777__1,[sax][jaz_blu]1777__1,IRMAS-TrainingData\sax\[sax][jaz_blu]1777__1.wav,Saxophone,5
[sax][cla]1650__3,[sax][cla]1650__3,IRMAS-TrainingData\sax\[sax][cla]1650__3.wav,Saxophone,5
[sax][pop_roc]1623__3,[sax][pop_roc]1623__3,IRMAS-TrainingData\sax\[sax][pop_roc]1623__3.wav,Saxophone,5
[sax][pop_roc]1570__2,[sax][pop_roc]1570__2,IRMAS-TrainingData\sax\[sax][pop_roc]1570__2.wav,Saxophone,5
[sax][pop_roc]1620__3,[sax][pop_roc]1620__3,IRMAS-TrainingData\sax\[sax][pop_roc]1620__3.wav,Saxophone,5
[sax][cla]1598__3,[sax][cla]1598__3,IRMAS-TrainingData\sax\[sax][cla]1598__3.wav,Saxophone,5
[sax][pop_roc]1617__1,[sax][pop_roc]1617__1,IRMAS-TrainingData\sax\[sax][pop_roc]1617__1.wav,Saxophone,5
[sax][jaz_blu]1773__3,[sax][jaz_blu]1773__3,IRMAS-TrainingData\sax\[sax][jaz_blu]1773__3.wav,Saxophone,5
[sax][jaz_blu]1769__3,[sax][jaz_blu]1769__3,IRMAS-TrainingData\sax\[sax][jaz_blu]1769__3.wav,Saxophone,5
[sax][pop_roc]1588__3,[sax][pop_roc]1588__3,IRMAS-TrainingData\sax\[sax][pop_roc]1588__3.wav,Saxophone,5
[sax][jaz_blu]1581__3,[sax][jaz_blu]1581__3,IRMAS-TrainingData\sax\[sax][jaz_blu]1581__3.wav,Saxophone,5
[sax][jaz_blu]1577__2,[sax][jaz_blu]1577__2,IRMAS-TrainingData\sax\[sax][jaz_blu]1577__2.wav,Saxophone,5
[sax][pop_roc]1603__3,[sax][pop_roc]1603__3,IRMAS-TrainingData\sax\[sax][pop_roc]1603__3.wav,Saxophone,5
[sax][cla]1602__2,[sax][cla]1602__2,IRMAS-TrainingData\sax\[sax][cla]1602__2.wav,Saxophone,5
[sax][jaz_blu]1756__2,[sax][jaz_blu]1756__2,IRMAS-TrainingData\sax\[sax][jaz_blu]1756__2.wav,Saxophone,5
[sax][jaz_blu]1565__1,[sax][jaz_blu]1565__1,IRMAS-TrainingData\sax\[sax][jaz_blu]1565__1.wav,Saxophone,5
[sax][cla]1751__2,[sax][cla]1751__2,IRMAS-TrainingData\sax\[sax][cla]1751__2.wav,Saxophone,5
[sax][pop_roc]1608__3,[sax][pop_roc]1608__3,IRMAS-TrainingData\sax\[sax][pop_roc]1608__3.wav,Saxophone,5
024__[sax][nod][cla]1689__1,024__[sax][nod][cla]1689__1,IRMAS-TrainingData\sax\024__[sax][nod][cla]1689__1.wav,Saxophone,5
[sax][cla]1647__3,[sax][cla]1647__3,IRMAS-TrainingData\sax\[sax][cla]1647__3.wav,Saxophone,5
[sax][cla]1754__2,[sax][cla]1754__2,IRMAS-TrainingData\sax\[sax][cla]1754__2.wav,Saxophone,5
[sax][jaz_blu]1633__1,[sax][jaz_blu]1633__1,IRMAS-TrainingData\sax\[sax][jaz_blu]1633__1.wav,Saxophone,5
120__[sax][nod][cla]1675__1,120__[sax][nod][cla]1675__1,IRMAS-TrainingData\sax\120__[sax][nod][cla]1675__1.wav,Saxophone,5
222__[sax][dru][jaz_blu]1720__3,222__[sax][dru][jaz_blu]1720__3,IRMAS-TrainingData\sax\222__[sax][dru][jaz_blu]1720__3.wav,Saxophone,5
[sax][jaz_blu]1580__1,[sax][jaz_blu]1580__1,IRMAS-TrainingData\sax\[sax][jaz_blu]1580__1.wav,Saxophone,5
[sax][cla]1698__1,[sax][cla]1698__1,IRMAS-TrainingData\sax\[sax][cla]1698__1.wav,Saxophone,5
[sax][cla]1726__2,[sax][cla]1726__2,IRMAS-TrainingData\sax\[sax][cla]1726__2.wav,Saxophone,5
[sax][jaz_blu]1758__3,[sax][jaz_blu]1758__3,IRMAS-TrainingData\sax\[sax][jaz_blu]1758__3.wav,Saxophone,5
[sax][pop_roc]1623__1,[sax][pop_roc]1623__1,IRMAS-TrainingData\sax\[sax][pop_roc]1623__1.wav,Saxophone,5
[sax][pop_roc]1637__1,[sax][pop_roc]1637__1,IRMAS-TrainingData\sax\[sax][pop_roc]1637__1.wav,Saxophone,5
[sax][jaz_blu]1768__2,[sax][jaz_blu]1768__2,IRMAS-TrainingData\sax\[sax][jaz_blu]1768__2.wav,Saxophone,5
[sax][cla]1573__2,[sax][cla]1573__2,IRMAS-TrainingData\sax\[sax][cla]1573__2.wav,Saxophone,5
[sax][jaz_blu]1655__3,[sax][jaz_blu]1655__3,IRMAS-TrainingData\sax\[sax][jaz_blu]1655__3.wav,Saxophone,5
[sax][pop_roc]1571__1,[sax][pop_roc]1571__1,IRMAS-TrainingData\sax\[sax][pop_roc]1571__1.wav,Saxophone,5
[sax][cla]1728__1,[sax][cla]1728__1,IRMAS-TrainingData\sax\[sax][cla]1728__1.wav,Saxophone,5
[sax][jaz_blu]1743__2,[sax][jaz_blu]1743__2,IRMAS-TrainingData\sax\[sax][jaz_blu]1743__2.wav,Saxophone,5
[sax][jaz_blu]1767__1,[sax][jaz_blu]1767__1,IRMAS-TrainingData\sax\[sax][jaz_blu]1767__1.wav,Saxophone,5
017__[sax][nod][cla]1676__3,017__[sax][nod][cla]1676__3,IRMAS-TrainingData\sax\017__[sax][nod][cla]1676__3.wav,Saxophone,5
151__[sax][nod][cla]1696__1,151__[sax][nod][cla]1696__1,IRMAS-TrainingData\sax\151__[sax][nod][cla]1696__1.wav,Saxophone,5
[sax][pop_roc]1572__1,[sax][pop_roc]1572__1,IRMAS-TrainingData\sax\[sax][pop_roc]1572__1.wav,Saxophone,5
[sax][cla]1644__3,[sax][cla]1644__3,IRMAS-TrainingData\sax\[sax][cla]1644__3.wav,Saxophone,5
[sax][jaz_blu]1656__3,[sax][jaz_blu]1656__3,IRMAS-TrainingData\sax\[sax][jaz_blu]1656__3.wav,Saxophone,5
[sax][jaz_blu]1780__2,[sax][jaz_blu]1780__2,IRMAS-TrainingData\sax\[sax][jaz_blu]1780__2.wav,Saxophone,5
[sax][cla]1731__1,[sax][cla]1731__1,IRMAS-TrainingData\sax\[sax][cla]1731__1.wav,Saxophone,5
[sax][jaz_blu]1581__1,[sax][jaz_blu]1581__1,IRMAS-TrainingData\sax\[sax][jaz_blu]1581__1.wav,Saxophone,5
107__[sax][dru][pop_roc]1722__1,107__[sax][dru][pop_roc]1722__1,IRMAS-TrainingData\sax\107__[sax][dru][pop_roc]1722__1.wav,Saxophone,5
[sax][cla]1598__1,[sax][cla]1598__1,IRMAS-TrainingData\sax\[sax][cla]1598__1.wav,Saxophone,5
[sax][cla]1599__2,[sax][cla]1599__2,IRMAS-TrainingData\sax\[sax][cla]1599__2.wav,Saxophone,5
174__[sax][nod][cla]1661__1,174__[sax][nod][cla]1661__1,IRMAS-TrainingData\sax\174__[sax][nod][cla]1661__1.wav,Saxophone,5
[sax][cla]1614__1,[sax][cla]1614__1,IRMAS-TrainingData\sax\[sax][cla]1614__1.wav,Saxophone,5
[sax][pop_roc]1586__2,[sax][pop_roc]1586__2,IRMAS-TrainingData\sax\[sax][pop_roc]1586__2.wav,Saxophone,5
[sax][jaz_blu]1776__2,[sax][jaz_blu]1776__2,IRMAS-TrainingData\sax\[sax][jaz_blu]1776__2.wav,Saxophone,5
[sax][pop_roc]1618__2,[sax][pop_roc]1618__2,IRMAS-TrainingData\sax\[sax][pop_roc]1618__2.wav,Saxophone,5
[sax][jaz_blu]1579__1,[sax][jaz_blu]1579__1,IRMAS-TrainingData\sax\[sax][jaz_blu]1579__1.wav,Saxophone,5
[sax][pop_roc]1622__2,[sax][pop_roc]1622__2,IRMAS-TrainingData\sax\[sax][pop_roc]1622__2.wav,Saxophone,5
[sax][jaz_blu]1769__2,[sax][jaz_blu]1769__2,IRMAS-TrainingData\sax\[sax][jaz_blu]1769__2.wav,Saxophone,5
[sax][jaz_blu]1625__2,[sax][jaz_blu]1625__2,IRMAS-TrainingData\sax\[sax][jaz_blu]1625__2.wav,Saxophone,5
230__[sax][dru][jaz_blu]1718__1,230__[sax][dru][jaz_blu]1718__1,IRMAS-TrainingData\sax\230__[sax][dru][jaz_blu]1718__1.wav,Saxophone,5
049__[sax][dru][jaz_blu]1717__1,049__[sax][dru][jaz_blu]1717__1,IRMAS-TrainingData\sax\049__[sax][dru][jaz_blu]1717__1.wav,Saxophone,5
224__[sax][nod][cla]1668__1,224__[sax][nod][cla]1668__1,IRMAS-TrainingData\sax\224__[sax][nod][cla]1668__1.wav,Saxophone,5
064__[sax][nod][cla]1688__1,064__[sax][nod][cla]1688__1,IRMAS-TrainingData\sax\064__[sax][nod][cla]1688__1.wav,Saxophone,5
[sax][pop_roc]1626__2,[sax][pop_roc]1626__2,IRMAS-TrainingData\sax\[sax][pop_roc]1626__2.wav,Saxophone,5
[sax][cla]1602__3,[sax][cla]1602__3,IRMAS-TrainingData\sax\[sax][cla]1602__3.wav,Saxophone,5
[sax][pop_roc]1652__3,[sax][pop_roc]1652__3,IRMAS-TrainingData\sax\[sax][pop_roc]1652__3.wav,Saxophone,5
152__[sax][nod][cla]1691__1,152__[sax][nod][cla]1691__1,IRMAS-TrainingData\sax\152__[sax][nod][cla]1691__1.wav,Saxophone,5
[sax][jaz_blu]1634__1,[sax][jaz_blu]1634__1,IRMAS-TrainingData\sax\[sax][jaz_blu]1634__1.wav,Saxophone,5
[sax][pop_roc]1570__3,[sax][pop_roc]1570__3,IRMAS-TrainingData\sax\[sax][pop_roc]1570__3.wav,Saxophone,5
094__[sax][dru][jaz_blu]1703__2,094__[sax][dru][jaz_blu]1703__2,IRMAS-TrainingData\sax\094__[sax][dru][jaz_blu]1703__2.wav,Saxophone,5
[sax][jaz_blu]1783__3,[sax][jaz_blu]1783__3,IRMAS-TrainingData\sax\[sax][jaz_blu]1783__3.wav,Saxophone,5
058__[sax][nod][cla]1662__3,058__[sax][nod][cla]1662__3,IRMAS-TrainingData\sax\058__[sax][nod][cla]1662__3.wav,Saxophone,5
[sax][jaz_blu]1565__2,[sax][jaz_blu]1565__2,IRMAS-TrainingData\sax\[sax][jaz_blu]1565__2.wav,Saxophone,5
085__[sax][nod][cla]1693__1,085__[sax][nod][cla]1693__1,IRMAS-TrainingData\sax\085__[sax][nod][cla]1693__1.wav,Saxophone,5
[sax][jaz_blu]1770__3,[sax][jaz_blu]1770__3,IRMAS-TrainingData\sax\[sax][jaz_blu]1770__3.wav,Saxophone,5
[sax][jaz_blu]1746__1,[sax][jaz_blu]1746__1,IRMAS-TrainingData\sax\[sax][jaz_blu]1746__1.wav,Saxophone,5
[sax][cla]1614__3,[sax][cla]1614__3,IRMAS-TrainingData\sax\[sax][cla]1614__3.wav,Saxophone,5
082__[sax][nod][cla]1679__1,082__[sax][nod][cla]1679__1,IRMAS-TrainingData\sax\082__[sax][nod][cla]1679__1.wav,Saxophone,5
[sax][jaz_blu]1771__2,[sax][jaz_blu]1771__2,IRMAS-TrainingData\sax\[sax][jaz_blu]1771__2.wav,Saxophone,5
[sax][jaz_blu]1734__1,[sax][jaz_blu]1734__1,IRMAS-TrainingData\sax\[sax][jaz_blu]1734__1.wav,Saxophone,5
[sax][pop_roc]1727__2,[sax][pop_roc]1727__2,IRMAS-TrainingData\sax\[sax][pop_roc]1727__2.wav,Saxophone,5
[sax][cla]1752__2,[sax][cla]1752__2,IRMAS-TrainingData\sax\[sax][cla]1752__2.wav,Saxophone,5
[sax][cla]1601__1,[sax][cla]1601__1,IRMAS-TrainingData\sax\[sax][cla]1601__1.wav,Saxophone,5
[sax][pop_roc]1610__2,[sax][pop_roc]1610__2,IRMAS-TrainingData\sax\[sax][pop_roc]1610__2.wav,Saxophone,5
081__[sax][nod][cla]1690__3,081__[sax][nod][cla]1690__3,IRMAS-TrainingData\sax\081__[sax][nod][cla]1690__3.wav,Saxophone,5
